;XRCC2E2D;XRCC2E3D
XRCC2E1G;56.420233463035025;3.891050583657588
XRCC2E2G;0.0;39.688715953307394
