;NTHL1E6D;NTHL1E3D;NTHL1E2D;NTHL1Eins4D;NTHL1E5D;NTHL1E4D
NTHL1E1G;0.0;0.0;47.61904761904762;0.0;0.0;0.0
NTHL1E4G;0.0;0.3663003663003663;0.0;0.0;7.326007326007326;0.0
NTHL1E3G;0.0;0.0;0.0;0.3663003663003663;0.3663003663003663;19.78021978021978
NTHL1E5G;10.256410256410257;0.0;0.0;0.0;0.0;0.0
NTHL1E2G;0.3663003663003663;13.553113553113553;0.0;0.0;0.0;0.0
