;RPS20E5bD;RPS20E6bD;RPS20E4D;RPS20E3D;RPS20E2D
RPS20E2G;0.0;0.0;0.013358593218692314;46.078645681531135;0.00485767026134266
RPS20E1G;0.0;0.0;0.0;0.0;20.824832410375983
RPS20E1bG;0.0;0.0;0.0;0.0;0.03643252696006995
RPS20E4aG;0.01214417565335665;0.0;0.0;0.0;0.0
RPS20E5bG;0.0;0.008500922957349654;0.0;0.0;0.0
RPS20E3G;0.0;0.0;33.02122801904206;0.0;0.0
