;Tot_Reads;RINT1E4G_RINT1E5D;RINT1E5G_RINT1E6D;RINT1E8G_RINT1E9D;RINT1E9G_RINT1E10D;RINT1E12G_RINT1E13D;RINT1E11G_RINT1E12D;RINT1E7G_RINT1E8D;RINT1E1G_RINT1E2D;RINT1E6G_RINT1E7D;RINT1E10G_RINT1E11D;RINT1E13G_RINT1E14D;RINT1E3G_RINT1E4D;RINT1E2G_RINT1E3D;RINT1E14G_RINT1E15D;RINT1Eins3G_RINT1E4D;RINT1E2G_RINT1Eins2D;RINT1E10G_RINT1E12D;RINT1Eins2G_RINT1E3D;RINT1E14G_RINT1E13D;RINT1E4G_RINT1E8D;RINT1E11G_RINT1E13D;RINT1E3aG_RINT1E4D;RINT1E8G_RINT1E10D;RINT1E14G_RINT1E12D;RINT1E2G_RINT1E3bD;RINT1E3G_RINT1E4aD;RINT1E7G_RINT1E5D;RINT1E11G_RINT1E4D;RINT1E7G_RINT1E6D;RINT1E3aG_RINT1E4aD;RINT1E4G_RINT1E6D;RINT1Eins3G_RINT1E4aD;RINT1E7G_RINT1E4D;RINT1E12G_RINT1E15D;RINT1E4G_RINT1E12D;RINT1E14G_RINT1E4D;RINT1Eins2G_RINT1E3bD;RINT1E11G_RINT1E10D;RINT1E3aG_RINT1E6D;RINT1E10G_RINT1E13D;RINT1E4G_RINT1E4D;RINT1E10G_RINT1E5D;RINT1Eins2G_RINT1E4D;RINT1E9G_RINT1E5D;RINT1E12G_RINT1E4D;RINT1E11G_RINT1E2D;RINT1E10G_RINT1E3D;RINT1E10G_RINT1E4D
5171;30716.0;11.238442505534573;11.218908712071883;10.776142726917566;10.22268524547467;8.939966141424664;8.194426357598646;7.546555541086079;7.054955072275035;6.680557364240135;6.48521942961323;4.170464904284412;2.715197291313973;2.474280505274124;0.605547597343404;0.45904414637322566;0.1790597734079958;0.17254850892043233;0.14324781872639666;0.12045839301992446;0.11720276077614272;0.0846464383383253;0.055345748144289615;0.052090115900507876;0.04232321916916265;0.03255632243781742;0.03255632243781742;0.02930069019403568;0.022789425706472195;0.01627816121890871;0.013022528975126969;0.009766896731345226;0.009766896731345226;0.009766896731345226;0.009766896731345226;0.0065112644875634845;0.0065112644875634845;0.0065112644875634845;0.0065112644875634845;0.0065112644875634845;0.0065112644875634845;0.0032556322437817422;0.0032556322437817422;0.0032556322437817422;0.0032556322437817422;0.0032556322437817422;0.0032556322437817422;0.0032556322437817422;0.0032556322437817422
