;Tot_UMI;RNF43E8G_RNF43E9D;RNF43E7G_RNF43E8D;RNF43E5G_RNF43E6D;RNF43E9G_RNF43E10D;RNF43E3G_RNF43E4D;RNF43E6G_RNF43E7D;RNF43E1G_RNF43E2D;RNF43E2G_RNF43E3D;RNF43E1aG_RNF43E1bD;RNF43E2G_RNF43E2bD
5171;122.0;27.049180327868854;29.508196721311474;10.655737704918034;8.19672131147541;6.557377049180328;5.737704918032787;4.918032786885246;4.098360655737705;2.459016393442623;0.819672131147541
