;Tot_Reads;XRCC2E1G_XRCC2E2D;XRCC2E2G_XRCC2E3D;XRCC2E1G_XRCC2E3D
5171;257.0;56.420233463035025;39.688715953307394;3.891050583657588
