;Tot_Reads;NTHL1E1G_NTHL1E2D;NTHL1E3G_NTHL1E4D;NTHL1E2G_NTHL1E3D;NTHL1E5G_NTHL1E6D;NTHL1E4G_NTHL1E5D;NTHL1E3G_NTHL1E5D;NTHL1E3G_NTHL1Eins4D;NTHL1E2G_NTHL1E6D;NTHL1E4G_NTHL1E3D
5171;273.0;47.61904761904762;19.78021978021978;13.553113553113553;10.256410256410257;7.326007326007326;0.3663003663003663;0.3663003663003663;0.3663003663003663;0.3663003663003663
