;Tot_UMI;RPS20E2G_RPS20E3D;RPS20E3G_RPS20E4D;RPS20E1G_RPS20E2D;RPS20E1bG_RPS20E2D;RPS20E2G_RPS20E4D;RPS20E4aG_RPS20E5bD;RPS20E5bG_RPS20E6bD;RPS20E2G_RPS20E2D
5171;33013.0;39.772210947202616;34.19864901705389;25.850422560809378;0.0878441825947354;0.03332020719110653;0.027261987701814438;0.018174658467876293;0.012116438978584195
