;Tot_Reads;POT1E13G_POT1E14D;POT1E8G_POT1E9D;POT1E6G_POT1E7D;POT1E11G_POT1E12D;POT1E9G_POT1E10D;POT1E3G_POT1E4D;POT1E12G_POT1E13D;POT1E10G_POT1E11D;POT1E1G_POT1E2D;POT1E16G_POT1E17D;POT1E17G_POT1E18D;POT1E18G_POT1E19D;POT1E15G_POT1E16D;POT1E14G_POT1E15D;POT1E7G_POT1E8D;POT1E2G_POT1E3D;POT1E5G_POT1E6D;POT1E4G_POT1E5D;POT1E6G_POT1E8D;POT1E15G_POT1E17D;POT1E11G_POT1Eins11D;POT1Eins11G_POT1E12D;POT1Eins5G_POT1E6D;POT1E5G_POT1Eins5D;POT1E1bG_POT1E2D;POT1E2G_POT1E4D;POT1E17G_POT1E16D;POT1E19aG_POT1Eins19D;POT1E6G_POT1Eins6bD;POT1E1aG_POT1E2D;POT1E7G_POT1E9D;POT1E15G_POT1E9D;POT1E19bG_POT1Eins19D;POT1E14G_POT1E7D;POT1E11G_POT1E13D;POT1Eins7G_POT1E8D;POT1E13G_POT1E14aD;POT1E14G_POT1E9D;POT1E14G_POT1E17D;POT1E9aG_POT1E10D;POT1E6G_POT1E3D;POT1E19bG_POT1E12D;POT1E2G_POT1E7D;POT1E4G_POT1Eins4D;POT1E6G_POT1E9D;POT1E6G_POT1E4D;POT1E15G_POT1E10D;POT1E6G_POT1Eins7D;POT1E6G_POT1E2D;POT1E1G_POT1E3D;POT1E14G_POT1E16D;POT1E8G_POT1E10D;POT1E19bG_POT1E16D;POT1E5G_POT1E7D;POT1E13G_POT1E4D;POT1E15G_POT1E7D;POT1E3G_POT1E7D;POT1E13G_POT1E7D;POT1E15G_POT1E13D;POT1E14G_POT1E6D;POT1E14G_POT1E10D;POT1E4G_POT1E6D;POT1E14G_POT1E12D;POT1E15G_POT1E6D;POT1E3G_POT1E6D
5171;29522.0;9.870604972562834;9.785922362983538;8.10581938893029;7.604498340220852;6.947361289885508;6.781383375110087;6.259738500101618;6.08021136779351;5.196124923785651;4.837070659169433;4.522051351534448;3.929273084479371;3.773457082853465;3.742971343404918;3.3635932524896686;3.156967685116184;2.3846622857529973;1.3583090576519206;0.5622925276065307;0.528419483774812;0.26759704627057784;0.1422667840932186;0.1185556534110155;0.10500643587832802;0.06097147889709369;0.04403495698123433;0.04064765259806246;0.03726034821489058;0.03726034821489058;0.027098435065374973;0.027098435065374973;0.0237111306822031;0.0237111306822031;0.016936521915859357;0.016936521915859357;0.016936521915859357;0.016936521915859357;0.013549217532687487;0.013549217532687487;0.013549217532687487;0.010161913149515615;0.010161913149515615;0.010161913149515615;0.010161913149515615;0.010161913149515615;0.010161913149515615;0.006774608766343743;0.006774608766343743;0.006774608766343743;0.006774608766343743;0.006774608766343743;0.006774608766343743;0.0033873043831718717;0.0033873043831718717;0.0033873043831718717;0.0033873043831718717;0.0033873043831718717;0.0033873043831718717;0.0033873043831718717;0.0033873043831718717;0.0033873043831718717;0.0033873043831718717;0.0033873043831718717;0.0033873043831718717;0.0033873043831718717
