;Tot_Reads;RAD51DE7G_RAD51DE8D;RAD51DE4G_RAD51DE5D;RAD51DE9G_RAD51DE10D;RAD51DE1G_RAD51DE2D;RAD51DE2G_RAD51DE3D;RAD51DE8G_RAD51DE9D;RAD51DE5G_RAD51DE6D;RAD51DE6G_RAD51DE7D;RAD51DE2G_RAD51DE4D;RAD51DE6G_RAD51DEins6D;RAD51DE3G_RAD51DE4D;RAD51DEins6G_RAD51DE7D;RAD51DEins3G_RAD51DE4D;RAD51DE2G_RAD51DE6D;RAD51DE4G_RAD51DE6D;RAD51DE3G_RAD51DE6D;RAD51DE3G_RAD51DEins3D;RAD51DE9G_RAD51DE9D;RAD51DE8G_RAD51DE7D;RAD51DE3G_RAD51DE5D;RAD51DE2G_RAD51DEins3D;RAD51DEins3G_RAD51DE7D;RAD51DE2G_RAD51DE10D;RAD51DE2G_RAD51DE5D;RAD51DE7G_RAD51DE5bD;RAD51DE7G_RAD51DE7D;RAD51DE1G_RAD51DE4D;RAD51DEins3G_RAD51DE6D;RAD51DEins6G_RAD51DE9D;RAD51DE1lncaG_RAD51DE4D;RAD51DE6G_RAD51DE9D;RAD51DE9G_RAD51DE6D;RAD51DEins3G_RAD51DE5D;RAD51DE9G_RAD51DEins6D;RAD51DE4G_RAD51DE5bD;RAD51DE3G_RAD51DE5bD;RAD51DE8G_RAD51DE3D;RAD51DEins6G_RAD51DE8D;RAD51DE2G_RAD51DE8D;RAD51DE4G_RAD51DE9D;RAD51DEins6G_RAD51DE5bD;RAD51DEins6G_RAD51DE5D;RAD51DEins6G_RAD51DEins3D;RAD51DEins6G_RAD51DE2D;RAD51DE8G_RAD51DE5bD;RAD51DEins3G_RAD51DE3D;RAD51DE5G_RAD51DE1D;RAD51DE6G_RAD51DE5D;RAD51DE1lncaG_RAD51DE6D;RAD51DE1lncaG_RAD51DEins3D;RAD51DE1G_RAD51DE3D;RAD51DE1lncaG_RAD51DE9D;RAD51DE1lncbG_RAD51DE2D;RAD51DE1lncaG_RAD51DE7D;RAD51DE1G_RAD51DE8D;RAD51DE9G_RAD51DE2D;RAD51DE2G_RAD51DE1D;RAD51DE8G_RAD51DE8D;RAD51DE1lncaG_RAD51DEins6D
5171;3808.0;15.677521008403362;12.920168067226891;12.736344537815127;10.084033613445378;10.057773109243698;8.508403361344538;8.140756302521009;7.563025210084034;3.466386554621849;2.153361344537815;1.9170168067226891;1.4705882352941178;0.9453781512605043;0.8928571428571429;0.39390756302521013;0.36764705882352944;0.23634453781512607;0.21008403361344538;0.18382352941176472;0.15756302521008403;0.13130252100840337;0.13130252100840337;0.13130252100840337;0.10504201680672269;0.10504201680672269;0.07878151260504201;0.07878151260504201;0.07878151260504201;0.07878151260504201;0.07878151260504201;0.07878151260504201;0.07878151260504201;0.052521008403361345;0.052521008403361345;0.026260504201680673;0.026260504201680673;0.026260504201680673;0.026260504201680673;0.026260504201680673;0.026260504201680673;0.026260504201680673;0.026260504201680673;0.026260504201680673;0.026260504201680673;0.026260504201680673;0.026260504201680673;0.026260504201680673;0.026260504201680673;0.026260504201680673;0.026260504201680673;0.026260504201680673;0.026260504201680673;0.026260504201680673;0.026260504201680673;0.026260504201680673;0.026260504201680673;0.026260504201680673;0.026260504201680673;0.026260504201680673
