;Tot_UMI;STK11E3G_STK11E4D;STK11E2G_STK11E3D;STK11E6G_STK11E7D;STK11E7G_STK11E8D;STK11E1G_STK11E2D;STK11E5G_STK11E6D;STK11E8G_STK11E9D;STK11E4G_STK11E5D;STK11E1G_STK11Eins1D;STK11Eins1G_STK11E2D;STK11E9G_STK11E10D;STK11E1G_STK11E4D;STK11E8G_STK11E8aD;STK11Eins1G_STK11E4D;STK11E1lncG_STK11E2lncD;STK11E2lncG_STK11E3lncD;STK11E1G_STK11E5D;STK11E8G_STK11E2D;STK11E7G_STK11E6D;STK11E1lncG_STK11E3lncD;STK11E8G_STK11E6D;STK11E3G_STK11E2D;STK11E7G_STK11E9D;STK11E8G_STK11Eins1D;STK11E1G_STK11E6D;STK11E6G_STK11E6D;STK11E6G_STK11Eins1D;STK11Eins1G_STK11E3D;STK11E7G_STK11E4D;STK11E3G_STK11E6D;STK11E8G_STK11E4D;STK11E2G_STK11E9D;STK11Eins1G_STK11E5D;STK11E4G_STK11E4D;STK11E1G_STK11E8D;STK11E5G_STK11E2D;STK11E6G_STK11E8D
5171;15346.0;18.38915678352665;18.4543203440636;15.326469438290108;9.950475693991919;9.096833050957905;8.933924149615535;6.105825622312003;4.711325426821321;2.391502671705982;1.6160563013163038;1.2706894304704808;1.322820278900039;0.9579043398931317;0.5799556887788349;0.4431122116512446;0.13684347712759024;0.06516356053694773;0.05213084842955819;0.039098136322168645;0.013032712107389547;0.013032712107389547;0.013032712107389547;0.013032712107389547;0.013032712107389547;0.013032712107389547;0.0065163560536947735;0.0065163560536947735;0.0065163560536947735;0.0065163560536947735;0.0065163560536947735;0.0065163560536947735;0.0065163560536947735;0.0065163560536947735;0.0065163560536947735;0.0065163560536947735;0.0065163560536947735;0.0065163560536947735
