;Tot_UMI;MSH2E4G_MSH2E5D;MSH2E5G_MSH2E6D;MSH2E3G_MSH2E4D;MSH2E2G_MSH2E3D;MSH2E6G_MSH2E7D;MSH2E9G_MSH2E10D;MSH2E14G_MSH2E15D;MSH2E7G_MSH2E8D;MSH2E12G_MSH2E13D;MSH2E13G_MSH2E14D;MSH2E1G_MSH2E2D;MSH2E8G_MSH2E9D;MSH2E11G_MSH2E12D;MSH2E10G_MSH2E11D;MSH2E15G_MSH2E16D;MSH2E15G_MSH2E17D;MSH2E4G_MSH2E6D;MSH2E8G_MSH2E2D;MSH2E17G_MSH2E18D;MSH2E8G_MSH2E7D;MSH2E7G_MSH2E2D;MSH2E8G_MSH2E5D;MSH2E9G_MSH2E11D;MSH2E6G_MSH2E8D;MSH2E3G_MSH2E5D;MSH2E7G_MSH2E9D;MSH2E12G_MSH2E14D;MSH2E9G_MSH2E7D;MSH2E7G_MSH2E5D;MSH2E8G_MSH2E4D;MSH2E1G_MSH2E9D;MSH2E1G_MSH2E3D;MSH2E15G_MSH2E12D;MSH2E6G_MSH2E2D;MSH2E10G_MSH2E12D;MSH2E15G_MSH2E5D;MSH2E9G_MSH2E5D;MSH2E1G_MSH2E13D;MSH2E2G_MSH2E4D;MSH2E15G_MSH2E14D
5171;24654.0;14.472296584732701;10.939401314188368;9.292609718504098;8.201508882939889;7.641761985884644;6.6439522998296425;6.0598685811633;5.958465157783727;4.749736351099213;4.737567940293665;4.469862902571591;4.555041778210432;4.096698304534761;3.4071550255536627;2.4255698872393934;1.4561531597306725;0.43400665206457373;0.1379086557962197;0.04461750628701225;0.04056136935182932;0.04056136935182932;0.03650523241664639;0.03650523241664639;0.028392958546280524;0.012168410805548795;0.008112273870365864;0.008112273870365864;0.008112273870365864;0.008112273870365864;0.004056136935182932;0.008112273870365864;0.004056136935182932;0.004056136935182932;0.004056136935182932;0.004056136935182932;0.004056136935182932;0.004056136935182932;0.004056136935182932;0.004056136935182932;0.004056136935182932
