;Tot_Reads;POLD1E9G_POLD1E10D;POLD1E2G_POLD1E3D;POLD1E1G_POLD1E2D;POLD1E11G_POLD1E12D;POLD1E19G_POLD1E20D;POLD1E17G_POLD1E18D;POLD1E6G_POLD1E7D;POLD1E13G_POLD1E14D;POLD1E18G_POLD1E19D;POLD1E3G_POLD1E2D;POLD1E20G_POLD1E21D;POLD1E12G_POLD1E13D;POLD1E25G_POLD1E26D;POLD1E15G_POLD1E16D;POLD1E4G_POLD1E5D;POLD1E22G_POLD1E23D;POLD1E26G_POLD1E27D;POLD1E10G_POLD1E11D;POLD1E14G_POLD1E15D;POLD1E24G_POLD1E25D;POLD1E21G_POLD1E22D;POLD1E8G_POLD1E9D;POLD1E7G_POLD1E8D;POLD1E23G_POLD1E24D;POLD1E1G_POLD1Eins1D;POLD1E10G_POLD1E10D;POLD1E16G_POLD1E17D;POLD1E3G_POLD1E4D;POLD1Eins1G_POLD1E2D;POLD1E5G_POLD1E6D;POLD1E3G_POLD1E3D;POLD1E25G_POLD1E5D;POLD1E25G_POLD1E4D;POLD1E2G_POLD1E9D;POLD1E11G_POLD1E10D;POLD1E17aG_POLD1E18D;POLD1E4G_POLD1E9D;POLD1E4G_POLD1E6D
5171;2546.0;11.115475255302435;9.308719560094266;7.148468185388845;6.794972505891595;5.538098978790259;5.223880597014925;5.1453260015710915;4.673998428908091;4.516889238020424;4.045561665357424;3.4171249018067558;3.2992930086410053;3.220738413197172;3.063629222309505;3.063629222309505;2.9457973291437547;2.8672427336999213;2.7101335428122546;2.317360565593087;1.6496465043205026;1.2568735271013354;1.0604870384917517;0.9426551453260016;0.9426551453260016;0.7462686567164178;0.7069913589945012;0.589159465828751;0.5106048703849175;0.3927729772191673;0.31421838177533384;0.15710919088766692;0.07855459544383346;0.03927729772191673;0.03927729772191673;0.03927729772191673;0.03927729772191673;0.03927729772191673;0.03927729772191673
