;Tot_UMI;BARD1E5G_BARD1E6D;BARD1E4G_BARD1E5D;BARD1E6G_BARD1E7D;BARD1E10G_BARD1E11D;BARD1E8G_BARD1E9D;BARD1E7G_BARD1E8D;BARD1E2G_BARD1E3D;BARD1E3G_BARD1E4D;BARD1E9G_BARD1E10D;BARD1E1G_BARD1E2D;BARD1E6G_BARD1E4D;BARD1E6G_BARD1E2D;BARD1E7G_BARD1E2D;BARD1E4G_BARD1E2D;BARD1E6G_BARD1E3D;BARD1E3G_BARD1E5D;BARD1E7G_BARD1E4D;BARD1E7G_BARD1E3D;BARD1E4G_BARD1E3D;BARD1E9G_BARD1E2D;BARD1Eins10G_BARD1E11D;BARD1E2G_BARD1E4D;BARD1E3G_BARD1E2D;BARD1E9G_BARD1E4D;BARD1E4aG_BARD1E5D;BARD1E4G_BARD1E4D;BARD1E9G_BARD1E5aD;BARD1E3G_BARD1E7D;BARD1E7G_BARD1E10D;BARD1E7G_BARD1E9D;BARD1E5G_BARD1E2D;BARD1E2G_BARD1E7D;BARD1E10G_BARD1Eins10D;BARD1E9G_BARD1E8D;BARD1E1G_BARD1E4D;BARD1E3G_BARD1E10D;BARD1E6G_BARD1E8D
5171;8487.0;22.71709673618475;14.634146341463413;10.144927536231883;9.096264875692235;8.377518557794273;7.375986803346294;6.268410510192058;6.068104159302462;3.9354306586544126;3.35807705903146;2.156238953693885;1.555319901025097;0.8130081300813008;0.7069635913750442;0.553788146577118;0.42417815482502647;0.42417815482502647;0.25921998350418285;0.18852362436667844;0.18852362436667844;0.16495817132084364;0.14139271827500882;0.09426181218333922;0.09426181218333922;0.04713090609166961;0.058913632614587014;0.011782726522917402;0.011782726522917402;0.023565453045834805;0.023565453045834805;0.011782726522917402;0.011782726522917402;0.011782726522917402;0.011782726522917402;0.011782726522917402;0.011782726522917402;0.011782726522917402
