;Tot_Reads;RNF43E8G_RNF43E9D;RNF43E7G_RNF43E8D;RNF43E5G_RNF43E6D;RNF43E9G_RNF43E10D;RNF43E3G_RNF43E4D;RNF43E6G_RNF43E7D;RNF43E1G_RNF43E2D;RNF43E2G_RNF43E3D;RNF43E1aG_RNF43E1bD;RNF43E2G_RNF43E2bD
5171;143.0;27.972027972027973;26.573426573426573;10.48951048951049;9.79020979020979;6.993006993006993;6.293706293706294;5.594405594405595;3.4965034965034967;2.097902097902098;0.6993006993006994
