;Tot_Reads;MBD4E4G_MBD4E5D;MBD4E5G_MBD4E6D;MBD4E1G_MBD4E2D;MBD4E3G_MBD4E4D;MBD4E2G_MBD4E3D;MBD4E6G_MBD4E7D;MBD4E7G_MBD4E8D;MBD4E3aG_MBD4E4D;MBD4E2aG_MBD4E3D;MBD4E7aG_MBD4E8D;MBD4E2G_MBD4E4D;MBD4E2aG_MBD4E4D;MBD4E5G_MBD4E5D;MBD4E6G_MBD4E5D;MBD4E4G_MBD4E4D;MBD4E3G_MBD4E5D;MBD4E4G_MBD4E3D;MBD4E7G_MBD4E3D;MBD4E6G_MBD4E3D;MBD4E3G_MBD4E3D;MBD4E7G_MBD4E5D;MBD4E5G_MBD4E4D
5171;73578.0;20.922014732664657;17.098861072603224;14.579086139878768;14.28416102639376;13.656255946070837;11.642066922177825;3.469787164641605;3.07157030634157;0.7787653918290793;0.3411345782706787;0.08018701242219142;0.03125934382560004;0.010872815243686973;0.0095137133382261;0.005436407621843486;0.005436407621843486;0.0040773057163826145;0.002718203810921743;0.002718203810921743;0.0013591019054608716;0.0013591019054608716;0.0013591019054608716
