;Tot_UMI;PALB2E8G_PALB2E9D;PALB2E4G_PALB2E5D;PALB2E9G_PALB2E10D;PALB2E5G_PALB2E6D;PALB2E6G_PALB2E7D;PALB2E7G_PALB2E8D;PALB2E3G_PALB2E4D;PALB2E2G_PALB2E3D;PALB2E11G_PALB2E12D;PALB2E12G_PALB2E13D;PALB2E1G_PALB2E2D;PALB2E10G_PALB2E11D;PALB2E11G_PALB2E13D;PALB2E10G_PALB2E9D;PALB2E6G_PALB2E8D;PALB2E1G_PALB2Eins1bD;PALB2Eins1aG_PALB2E2D;PALB2Eins1aG_PALB2Eins1bD;PALB2E6G_PALB2E5D;PALB2E10G_PALB2E12D;PALB2E6G_PALB2E2D;PALB2Eins1bG_PALB2E2D;PALB2E1aG_PALB2E2D;PALB2E8G_PALB2Eins1bD;PALB2E10G_PALB2E13D;PALB2E10G_PALB2E7D;PALB2E10G_PALB2E2D;PALB2E8G_PALB2E10D;PALB2E7G_PALB2E2D;PALB2E6G_PALB2E9D;PALB2E11G_PALB2Eins1bD;PALB2E5G_PALB2Eins1bD;PALB2E9G_PALB2E13D;PALB2E10G_PALB2E5D;PALB2E3G_PALB2E7D;PALB2E5G_PALB2E7D;PALB2E7G_PALB2E9D;PALB2E5G_PALB2E9D;PALB2E3G_PALB2E6D;PALB2E9G_PALB2E8D;PALB2E9G_PALB2E7D;PALB2E2G_PALB2E8D;PALB2E6G_PALB2E10D;PALB2E4G_PALB2E2D;PALB2E11G_PALB2E8D;PALB2E6G_PALB2E4D;PALB2E4G_PALB2E4D;PALB2E11G_PALB2E2D
5171;8047.0;14.70113085621971;13.197464893749224;11.420405119920467;10.202559960233627;10.264694917360508;9.717907294643966;7.008823163912017;5.865539952777433;5.803404995650553;4.175469118926308;3.417422641978377;2.1250155337392815;0.38523673418665344;0.447371691313533;0.33552876848514973;0.09941593140300733;0.08698893997763142;0.04970796570150367;0.0745619485522555;0.06213495712687958;0.03728097427612775;0.06213495712687958;0.024853982850751834;0.03728097427612775;0.024853982850751834;0.03728097427612775;0.03728097427612775;0.03728097427612775;0.024853982850751834;0.012426991425375917;0.012426991425375917;0.012426991425375917;0.012426991425375917;0.012426991425375917;0.012426991425375917;0.012426991425375917;0.012426991425375917;0.012426991425375917;0.012426991425375917;0.012426991425375917;0.012426991425375917;0.012426991425375917;0.012426991425375917;0.012426991425375917;0.012426991425375917;0.012426991425375917;0.012426991425375917;0.012426991425375917
