;Tot_UMI;XRCC2E1G_XRCC2E2D;XRCC2E2G_XRCC2E3D;XRCC2E1G_XRCC2E3D
5171;212.0;57.54716981132075;38.20754716981132;4.245283018867925
