;Tot_Reads;BMPR1AE6G_BMPR1AE7D;BMPR1AE3G_BMPR1AE4D;BMPR1AE4G_BMPR1AE5D;BMPR1AE9G_BMPR1AE10D;BMPR1AE11G_BMPR1AE12D;BMPR1AE10G_BMPR1AE11D;BMPR1AE2G_BMPR1AE3D;BMPR1AE8G_BMPR1AE9D;BMPR1AE12G_BMPR1AE13D;BMPR1AE7G_BMPR1AE8D;BMPR1AE5G_BMPR1AE6D;BMPR1AE1G_BMPR1AE2D;BMPR1AEins2G_BMPR1AE3D;BMPR1AE2G_BMPR1AEins2D;BMPR1AE2G_BMPR1AE8D;BMPR1AE5G_BMPR1AE8D;BMPR1AE2G_BMPR1AE4D;BMPR1AE1G_BMPR1AE3D;BMPR1AE13aG_BMPR1AE14bD;BMPR1AE8G_BMPR1AE4D;BMPR1AE9G_BMPR1AEins2D;BMPR1AE5G_BMPR1AE7D;BMPR1AE3G_BMPR1AE5D;BMPR1AE7G_BMPR1AE6D;BMPR1AE3G_BMPR1AE6D;BMPR1AE8G_BMPR1AE10D;BMPR1AE13aG_BMPR1AE14aD;BMPR1AE7G_BMPR1AE2D;BMPR1AE3G_BMPR1AE2D;BMPR1AE5G_BMPR1AE14bD;BMPR1AE7G_BMPR1AE9D;BMPR1AE3G_BMPR1AE3D
5171;11302.0;13.395859139975226;11.45814900017696;10.237126172358876;9.201911166165281;9.15767120863564;8.025128295876836;7.184569102813661;6.954521323659529;6.821801451070607;5.698106529817731;5.547690674216953;2.291629800035392;2.1500619359405415;0.7874712440276057;0.4954875243319767;0.28313572818970095;0.061935940541497085;0.04423995752964077;0.04423995752964077;0.01769598301185631;0.01769598301185631;0.01769598301185631;0.01769598301185631;0.01769598301185631;0.008847991505928155;0.008847991505928155;0.008847991505928155;0.008847991505928155;0.008847991505928155;0.008847991505928155;0.008847991505928155;0.008847991505928155
