;Tot_Reads;TP53E8G_TP53E9D;TP53E7G_TP53E8D;TP53E5G_TP53E6D;TP53E6G_TP53E7D;TP53E2G_TP53E3D;TP53E9G_TP53E10D;TP53E3G_TP53E4D;TP53E10G_TP53E11D;TP53E1G_TP53E2D;TP53E4G_TP53E5D;TP53E9G_TP53E9bD;TP53E9bgG_TP53E10D;TP53E9G_TP53E2D;TP53E9G_TP53E9D;TP53E9G_TP53E11D;TP53E3G_TP53E13D;TP53E7G_TP53E7D;TP53E9G_TP53E7D;TP53E7G_TP53E2D;TP53E9bgG_TP53E11D;TP53E5G_TP53E7D;TP53E10G_TP53E12D
5171;20192.0;20.612123613312203;14.60974643423138;12.83676703645008;11.885895404120445;9.10756735340729;8.429080824088748;8.097266244057053;6.358954041204438;5.313985736925515;2.387083993660856;0.19314580031695722;0.07428684627575277;0.014857369255150556;0.014857369255150556;0.014857369255150556;0.009904912836767038;0.009904912836767038;0.009904912836767038;0.004952456418383519;0.004952456418383519;0.004952456418383519;0.004952456418383519
