;Tot_UMI;MLH1E12G_MLH1E13D;MLH1E4G_MLH1E5D;MLH1E5G_MLH1E6D;MLH1E8G_MLH1E9D;MLH1E13G_MLH1E14D;MLH1E2G_MLH1E3D;MLH1E11G_MLH1E12D;MLH1E1G_MLH1E2D;MLH1E6G_MLH1E7D;MLH1E3G_MLH1E4D;MLH1E18G_MLH1E19D;MLH1E10G_MLH1E11D;MLH1E17G_MLH1E18D;MLH1E9G_MLH1E10D;MLH1E7G_MLH1E8D;MLH1E16G_MLH1E17D;MLH1E14G_MLH1E15D;MLH1E15G_MLH1E16D;MLH1E1bG_MLH1E2D;MLH1E9G_MLH1E12D;MLH1E5G_MLH1E7D;MLH1E9G_MLH1E11D;MLH1E16G_MLH1E18D;MLH1E8G_MLH1E12D;MLH1E15G_MLH1E17D;MLH1E5G_MLH1E4D;MLH1E8G_MLH1E11D;MLH1E8G_MLH1E7D;MLH1E14G_MLH1E16D;MLH1Eins2aG_MLH1E3D;MLH1E2G_MLH1E4D;MLH1E11G_MLH1E13D;MLH1E1bG_MLH1Eins1aD;MLH1E2G_MLH1Eins2aD;MLH1E8G_MLH1E10D;MLH1E13G_MLH1E16D;MLH1Eins1aG_MLH1E2D;MLH1E3G_MLH1E5D;MLH1E1G_MLH1Eins1aD;MLH1E8G_MLH1E13D;MLH1E13G_MLH1E15D;MLH1E15G_MLH1E14D;MLH1E4G_MLH1E2D;MLH1E8G_MLH1E8D;MLH1E1G_MLH1E3D;MLH1E5G_MLH1E2D;MLH1E18G_MLH1E16D;MLH1E15G_MLH1E19D;MLH1E15G_MLH1E2D;MLH1E9G_MLH1E13D;MLH1E15G_MLH1E9D;MLH1E4G_MLH1E3D;MLH1E11G_MLH1E10D;MLH1E17G_MLH1E17D;MLH1E14G_MLH1E19D;MLH1E1bG_MLH1E3D;MLH1E3G_MLH1E2D;MLH1E12G_MLH1E11D;MLH1E13G_MLH1E13D;MLH1E6G_MLH1E2D;MLH1E10G_MLH1E13D;MLH1E10G_MLH1E12D;MLH1E6G_MLH1E9D;MLH1E16G_MLH1E9D;MLH1E15G_MLH1E18D
5171;34537.0;8.874540348032545;7.884297999247184;7.409444943104496;7.33705880649738;6.97223267799751;6.317862003069172;6.29180299389061;5.7619364739265135;5.61137330978371;4.997538871355358;4.470567796855546;4.566117497176941;4.175232359498509;4.091264441034253;3.2805397110345424;3.3181805020702435;3.3181805020702435;1.8762486608564728;0.9815560123925066;0.5964617656426441;0.46037582882126415;0.2605900917856212;0.23742652807134376;0.16504039146422678;0.11292237310710253;0.06949069114283232;0.055013463821408926;0.043431681964270205;0.04053623649998552;0.043431681964270205;0.03474534557141616;0.037640791035700845;0.03474534557141616;0.037640791035700845;0.02316356371427744;0.02316356371427744;0.02316356371427744;0.02316356371427744;0.01737267278570808;0.0144772273214234;0.01158178185713872;0.00868633639285404;0.00868633639285404;0.00868633639285404;0.00579089092856936;0.00868633639285404;0.00289544546428468;0.00289544546428468;0.00289544546428468;0.00579089092856936;0.00289544546428468;0.00289544546428468;0.00289544546428468;0.00289544546428468;0.00289544546428468;0.00289544546428468;0.00289544546428468;0.00289544546428468;0.00289544546428468;0.00289544546428468;0.00289544546428468;0.00289544546428468;0.00289544546428468;0.00289544546428468;0.00289544546428468
