;Tot_UMI;FAN1E5G_FAN1E6D;FAN1E6G_FAN1E7D;FAN1E7G_FAN1E8D;FAN1E3G_FAN1E4D;FAN1E2G_FAN1E3D;FAN1E8G_FAN1E9D;FAN1E1G_FAN1E2D;FAN1E13G_FAN1E14D;FAN1E12G_FAN1E13D;FAN1E9G_FAN1E10D;FAN1E11G_FAN1E12D;FAN1Eins2G_FAN1E3D;FAN1E1lncG_FAN1E2D;FAN1E4G_FAN1E5D;FAN1E3G_FAN1E5D;FAN1E14G_FAN1E15D;FAN1E2G_FAN1Eins2D;FAN1E2aG_FAN1E3D;FAN1E10G_FAN1E11D;FAN1E6G_FAN1E8D;FAN1E5G_FAN1E7D;FAN1E5G_FAN1E3D;FAN1E2aG_FAN1Eins2D;FAN1E12G_FAN1E14D;FAN1E3G_FAN1E6D;FAN1E5G_FAN1E8D;FAN1E12G_FAN1E12D;FAN1E13G_FAN1E3D;FAN1E8G_FAN1E10D;FAN1E5G_FAN1E2D;FAN1E11G_FAN1E2D;FAN1E3G_FAN1E14D;FAN1E5G_FAN1E12D;FAN1E1G_FAN1E8D
5171;14489.0;19.06963903651046;19.47684450272621;14.921664711160192;12.568155152184417;11.843467458071641;5.065912071226448;2.7262060873766307;2.650286424183864;1.6702325902408726;1.7254468907447031;1.4148664504106565;1.2699289115881014;0.9869556215059702;1.0214645593208642;0.6694733936089448;0.6694733936089448;0.586651942853199;0.5176340672234109;0.42791082890468635;0.32438401546000417;0.19325005176340673;0.06901787562978812;0.02760715025191525;0.020705362688936437;0.013803575125957625;0.013803575125957625;0.006901787562978812;0.006901787562978812;0.006901787562978812;0.006901787562978812;0.006901787562978812;0.006901787562978812;0.006901787562978812;0.006901787562978812
