;Tot_Reads;PALB2E8G_PALB2E9D;PALB2E4G_PALB2E5D;PALB2E9G_PALB2E10D;PALB2E5G_PALB2E6D;PALB2E6G_PALB2E7D;PALB2E7G_PALB2E8D;PALB2E3G_PALB2E4D;PALB2E2G_PALB2E3D;PALB2E11G_PALB2E12D;PALB2E12G_PALB2E13D;PALB2E1G_PALB2E2D;PALB2E10G_PALB2E11D;PALB2E11G_PALB2E13D;PALB2E10G_PALB2E9D;PALB2E6G_PALB2E8D;PALB2E1G_PALB2Eins1bD;PALB2Eins1aG_PALB2E2D;PALB2Eins1aG_PALB2Eins1bD;PALB2E6G_PALB2E5D;PALB2E10G_PALB2E12D;PALB2E6G_PALB2E2D;PALB2Eins1bG_PALB2E2D;PALB2E1aG_PALB2E2D;PALB2E8G_PALB2Eins1bD;PALB2E10G_PALB2E13D;PALB2E10G_PALB2E7D;PALB2E10G_PALB2E2D;PALB2E8G_PALB2E10D;PALB2E7G_PALB2E2D;PALB2E6G_PALB2E9D;PALB2E11G_PALB2Eins1bD;PALB2E5G_PALB2Eins1bD;PALB2E9G_PALB2E13D;PALB2E10G_PALB2E5D;PALB2E3G_PALB2E7D;PALB2E5G_PALB2E7D;PALB2E7G_PALB2E9D;PALB2E5G_PALB2E9D;PALB2E3G_PALB2E6D;PALB2E9G_PALB2E8D;PALB2E9G_PALB2E7D;PALB2E2G_PALB2E8D;PALB2E6G_PALB2E10D;PALB2E4G_PALB2E2D;PALB2E11G_PALB2E8D;PALB2E6G_PALB2E4D;PALB2E4G_PALB2E4D;PALB2E11G_PALB2E2D
5171;9629.0;14.788659258489977;13.490497455602865;11.26804444906013;10.748779727905285;10.187973829058054;9.575241458095336;6.677744314051303;5.826150171357358;5.659985460587808;4.2372001246235325;3.3959912763526843;2.0251324125038943;0.45695295461626334;0.42579707134697264;0.3011735382698099;0.10385294423096894;0.09346764980787205;0.062311766538581365;0.062311766538581365;0.062311766538581365;0.05192647211548447;0.05192647211548447;0.041541177692387576;0.041541177692387576;0.041541177692387576;0.041541177692387576;0.031155883269290682;0.031155883269290682;0.020770588846193788;0.010385294423096894;0.010385294423096894;0.010385294423096894;0.010385294423096894;0.010385294423096894;0.010385294423096894;0.010385294423096894;0.010385294423096894;0.010385294423096894;0.010385294423096894;0.010385294423096894;0.010385294423096894;0.010385294423096894;0.010385294423096894;0.010385294423096894;0.010385294423096894;0.010385294423096894;0.010385294423096894;0.010385294423096894
