;Tot_UMI;MSH6E3G_MSH6E4D;MSH6E5G_MSH6E6D;MSH6E2G_MSH6E3D;MSH6E4G_MSH6E5D;MSH6E7G_MSH6E8D;MSH6E8G_MSH6E9D;MSH6E6G_MSH6E7D;MSH6E9G_MSH6E10D;MSH6E1G_MSH6E2D;MSH6E1lncG_MSH6E2lncD;MSH6E2G_MSH6E4D;MSH6E3G_MSH6E5D;MSH6E1G_MSH6E3D;MSH6E8G_MSH6E10D;MSH6E1G_MSH6E4D;MSH6E1aG_MSH6E2D;MSH6E2lncG_MSH6E3lncD;MSH6E2G_MSH6E5D;MSH6E3G_MSH6E2D;MSH6E3G_MSH6E6D;MSH6E3G_MSH6E3D;MSH6E1G_MSH6E5D;MSH6E1lncG_MSH6E3lncD
5171;14687.0;21.31136379110778;15.6124463811534;12.017430380608701;10.853135425886839;10.342479743991284;9.32797712262545;8.919452577109007;6.60448015251583;4.357595152175393;0.16340981820657724;0.17702730305712536;0.129366106080207;0.04085245455164431;0.013617484850548103;0.027234969701096207;0.020426227275822155;0.020426227275822155;0.013617484850548103;0.006808742425274052;0.013617484850548103;0.013617484850548103;0.006808742425274052;0.006808742425274052
