;Tot_Reads;SMAD4E2G_SMAD4E3D;SMAD4E6G_SMAD4E7D;SMAD4E5G_SMAD4E6D;SMAD4E7G_SMAD4E8D;SMAD4E8G_SMAD4E9D;SMAD4E9G_SMAD4E10D;SMAD4E10G_SMAD4E11D;SMAD4E3G_SMAD4E4D;SMAD4E4G_SMAD4E5D;SMAD4E11G_SMAD4E12D;SMAD4E1G_SMAD4E2D;SMAD4E8G_SMAD4E6D;SMAD4Eins11G_SMAD4E12D;SMAD4E8G_SMAD4E5D;SMAD4E10G_SMAD4E5D;SMAD4E5G_SMAD4E8D;SMAD4E11G_SMAD4Eins11D;SMAD4E10G_SMAD4E2D;SMAD4Eins4G_SMAD4E5D;SMAD4E8G_SMAD4E2D;SMAD4E8G_SMAD4E10D;SMAD4E3G_SMAD4E5D;SMAD4E7G_SMAD4E5D;SMAD4E8G_SMAD4E4D;SMAD4E10G_SMAD4E6D;SMAD4E5G_SMAD4E2D;SMAD4E5G_SMAD4E7D;SMAD4E4G_SMAD4E2D;SMAD4E8G_SMAD4E7D;SMAD4E4G_SMAD4E6D;SMAD4E5G_SMAD4E5D;SMAD4E9G_SMAD4E5D;SMAD4E1G_SMAD4E3D;SMAD4E7G_SMAD4E6D;SMAD4E9G_SMAD4E11D;SMAD4E4G_SMAD4E8D;SMAD4E10G_SMAD4E7D;SMAD4E11G_SMAD4E2D;SMAD4E1lncaG_SMAD4E2D;SMAD4E1G_SMAD4E5D;SMAD4E8G_SMAD4E11D;SMAD4E8G_SMAD4E3D;SMAD4E7G_SMAD4E2D;SMAD4E11G_SMAD4E5D;SMAD4E9G_SMAD4E7D;SMAD4E9G_SMAD4E2D;SMAD4E5G_SMAD4E4D;SMAD4E6G_SMAD4E5D;SMAD4E6G_SMAD4E8D;SMAD4E8G_SMAD4E8D;SMAD4E10G_SMAD4E3D;SMAD4E5G_SMAD4E11D;SMAD4E7G_SMAD4E9D;SMAD4E7G_SMAD4E4D;SMAD4E3G_SMAD4E8D;SMAD4E10G_SMAD4E4D;SMAD4E1lncbG_SMAD4E3D;SMAD4E11G_SMAD4E4D;SMAD4E1lncbG_SMAD4E11D
5171;222003.0;16.251131741462952;14.581334486470903;13.578645333621617;12.856132574785024;9.785002905366143;9.501673400809898;6.371535519790273;4.711197596428876;3.9828290608685464;2.811673716120953;2.2125827128462228;1.3580897555438438;0.7157560933861253;0.31621194308185024;0.24864528857718138;0.24233906749007894;0.18062818970914807;0.07387287559177128;0.06171087778093088;0.039188659612707934;0.016666441444484984;0.01351333090093377;0.010810664720747015;0.00900888726728918;0.008107998540560261;0.007207109813831344;0.006306221087102426;0.006306221087102426;0.004053999270280131;0.003603554906915672;0.003153110543551213;0.003153110543551213;0.002252221816822295;0.002252221816822295;0.001801777453457836;0.001801777453457836;0.001801777453457836;0.001351333090093377;0.001351333090093377;0.001351333090093377;0.001351333090093377;0.001351333090093377;0.001351333090093377;0.000900888726728918;0.000900888726728918;0.000900888726728918;0.000900888726728918;0.000900888726728918;0.000900888726728918;0.000450444363364459;0.000450444363364459;0.000450444363364459;0.000450444363364459;0.000450444363364459;0.000450444363364459;0.000450444363364459;0.000450444363364459;0.000450444363364459;0.000450444363364459
