;Tot_Reads;NBNE8G_NBNE9D;NBNE4G_NBNE5D;NBNE5G_NBNE6D;NBNE9G_NBNE10D;NBNE7G_NBNE8D;NBNE10G_NBNE11D;NBNE6G_NBNE7D;NBNE3G_NBNE4D;NBNE14G_NBNE15D;NBNE2G_NBNE3D;NBNE12G_NBNE13D;NBNE13G_NBNE14D;NBNE11G_NBNE12D;NBNE1G_NBNE2D;NBNE15G_NBNE16D;NBNE2G_NBNEins2D;NBNEins4G_NBNE5D;NBNE4G_NBNEins4D;NBNE4G_NBNE6D;NBNEins2G_NBNE3D;NBNE3G_NBNE4aD;NBNE11G_NBNE13D;NBNEins1aG_NBNE2D;NBNE12G_NBNE14D;NBNE3G_NBNE5D;NBNE8G_NBNE10D;NBNEins14cG_NBNE15D;NBNE12bG_NBNE13D;NBNE14G_NBNEins14cD;NBNE3G_NBNE6D;NBNE2G_NBNE4aD;NBNE2G_NBNE4D;NBNE7G_NBNE5D;NBNE14G_NBNE12D;NBNEins1bG_NBNE2D;NBNE5G_NBNE8D;NBNE5G_NBNE7D;NBNE15G_NBNE13D;NBNEins14bG_NBNE15D;NBNE14G_NBNE13D;NBNE4G_NBNE8D;NBNE1G_NBNE3D;NBNElnc1bG_NBNE2D;NBNE1G_NBNEins1bD;NBNE2G_NBNE10D;NBNEins14aG_NBNE15D;NBNE4G_NBNE9D;NBNE14G_NBNE16D;NBNE1G_NBNE5D;NBNE1G_NBNE6D;NBNE11G_NBNE15D;NBNE16aG_NBNE4aD;NBNE1G_NBNE8D;NBNE14G_NBNE9D;NBNE3G_NBNEins4D;NBNE13G_NBNE15D;NBNE14G_NBNEins14aD;NBNE6G_NBNE8D;NBNE12bG_NBNE14D;NBNEins4G_NBNEins1bD;NBNE12G_NBNE16D;NBNE5G_NBNE4D;NBNEins2G_NBNE4D;NBNE12G_NBNE15D;NBNE4G_NBNE2D;NBNE13G_NBNE4D
5171;164505.0;14.265827786389472;12.116956931400262;11.19358074222668;10.522476520470503;9.42220601197532;8.008875110179023;6.664843013890155;6.589465365794353;4.569465973678612;3.560985988267834;3.143977386705571;2.9433755812893225;2.656454211118203;2.0607276374578283;0.8662350688428924;0.289960791465305;0.2443694720525212;0.17020759247439288;0.12826357861463178;0.11853743047323789;0.08814321753138203;0.04802285644813228;0.04255189811859822;0.04255189811859822;0.03951247682441263;0.029178444424181636;0.029178444424181636;0.02613902312999605;0.017020759247439288;0.012765569435579466;0.010334032400230996;0.008510379623719644;0.008510379623719644;0.005470958329534057;0.00486307407069694;0.004255189811859822;0.004255189811859822;0.0036473055530227044;0.003039421294185587;0.003039421294185587;0.003039421294185587;0.00243153703534847;0.00243153703534847;0.00243153703534847;0.0018236527765113522;0.0018236527765113522;0.0018236527765113522;0.0018236527765113522;0.0018236527765113522;0.001215768517674235;0.001215768517674235;0.001215768517674235;0.001215768517674235;0.0006078842588371175;0.0006078842588371175;0.0006078842588371175;0.0006078842588371175;0.0006078842588371175;0.0006078842588371175;0.0006078842588371175;0.0006078842588371175;0.0006078842588371175;0.0006078842588371175;0.0006078842588371175;0.0006078842588371175;0.0006078842588371175
