;Tot_UMI;AXIN2E2G_AXIN2E3D;AXIN2E4G_AXIN2E5D;AXIN2E3G_AXIN2E4D;AXIN2E10G_AXIN2E11D;AXIN2E8G_AXIN2E9D;AXIN2E5G_AXIN2E6D;AXIN2E9G_AXIN2E10D;AXIN2Eins1aG_AXIN2E2D;AXIN2E6G_AXIN2E8D;AXIN2E6G_AXIN2E7D;AXIN2Eins1cG_AXIN2E2D;AXIN2E7G_AXIN2E8D;AXIN2E1G_AXIN2E2D;AXIN2E2G_AXIN2E4D;AXIN2E10G_AXIN2E8D;AXIN2E3G_AXIN2E5D;AXIN2E2G_AXIN2E6D;AXIN2E1G_AXIN2E10D;AXIN2E9G_AXIN2E11D;AXIN2E6G_AXIN2E6D;AXIN2E5G_AXIN2E9D;AXIN2E2G_AXIN2E5D;AXIN2E9G_AXIN2E6D
5171;6058.0;33.36084516342027;15.335094090458897;13.882469461868604;13.45328491251238;8.385605810498515;6.289204357873886;3.1363486299108616;2.575107296137339;1.3865962363816442;0.8583690987124464;0.6272697259821723;0.31363486299108617;0.19808517662594916;0.033014196104324864;0.016507098052162432;0.033014196104324864;0.016507098052162432;0.016507098052162432;0.016507098052162432;0.016507098052162432;0.016507098052162432;0.016507098052162432;0.016507098052162432
