;Tot_UMI;RAD51BE1G_RAD51BE2D;RAD51BE4G_RAD51BE5D;RAD51BE2G_RAD51BE3D;RAD51BE3G_RAD51BE4D;RAD51BE8G_RAD51BE9D;RAD51BE5G_RAD51BE6D;RAD51BE7G_RAD51BE8D;RAD51BE6G_RAD51BE7D;RAD51BE9G_RAD51BE10D;RAD51BEins8G_RAD51BE9D;RAD51BE10G_RAD51BE12D;RAD51BEins4cG_RAD51BE5D;RAD51BE4G_RAD51BEins4cD;RAD51BE10G_RAD51BE15D;RAD51BE10G_RAD51BE18D;RAD51BE10G_RAD51BE13D;RAD51BE10G_RAD51BE16D;RAD51BE10G_RAD51BE11D;RAD51BE10G_RAD51BEins10bD;RAD51BE7G_RAD51BEins7cD;RAD51BE1G_RAD51BE3D;RAD51BE3G_RAD51BE5D;RAD51BE14G_RAD51BE15D;RAD51BE2G_RAD51BE4D;RAD51BE8G_RAD51BE10D;RAD51BE14G_RAD51BE16D;RAD51BE10G_RAD51BEins10aD;RAD51BE1G_RAD51BE4D;RAD51BEins1G_RAD51BE2D;RAD51BE7G_RAD51BE9D;RAD51BE4G_RAD51BE6D;RAD51BEins10aG_RAD51BE11D;RAD51BE10G_RAD51BE9D;RAD51BE10G_RAD51BE19D;RAD51BEins8G_RAD51BE10D;RAD51BEins7cG_RAD51BE8D;RAD51BE3G_RAD51BE2D;RAD51BEins10cG_RAD51BE11D;RAD51BE7G_RAD51BE2D;RAD51BEins10aG_RAD51BE15D;RAD51BE8G_RAD51BE18D;RAD51BEins10aG_RAD51BE18D;RAD51BE4G_RAD51BE2D;RAD51BE14G_RAD51BE18D;RAD51BE17G_RAD51BE18D;RAD51BE9G_RAD51BE13D;RAD51BEins10aG_RAD51BE16D;RAD51BE8G_RAD51BE5D;RAD51BE10G_RAD51BE17D;RAD51BEins7cG_RAD51BEins7cD;RAD51BEins10aG_RAD51BEins10bD;RAD51BE1G_RAD51BE5D;RAD51BEins10aG_RAD51BE14D;RAD51BE9G_RAD51BE12D;RAD51BEins10cG_RAD51BE13D;RAD51BEins10aG_RAD51BE12D
5171;23906.0;13.02183552246298;12.729022002844474;12.645360997239187;12.59098134359575;10.261022337488496;10.612398561030703;8.64636492930645;7.65079896260353;6.5590228394545305;0.907721910817368;0.6567388940015059;0.6274575420396553;0.47686773195013804;0.29699656989877016;0.271898268217184;0.2928135196185058;0.2175186145737472;0.20915251401321844;0.20496946373295408;0.10457625700660922;0.10039320672634484;0.10039320672634484;0.10039320672634484;0.09621015644608048;0.07947795532502301;0.06274575420396553;0.07947795532502301;0.058562703923701165;0.03764745252237932;0.046013553082908054;0.02509830168158621;0.020915251401321843;0.016732201121057475;0.020915251401321843;0.016732201121057475;0.020915251401321843;0.016732201121057475;0.012549150840793106;0.012549150840793106;0.008366100560528738;0.008366100560528738;0.008366100560528738;0.004183050280264369;0.008366100560528738;0.008366100560528738;0.004183050280264369;0.004183050280264369;0.004183050280264369;0.004183050280264369;0.004183050280264369;0.004183050280264369;0.004183050280264369;0.004183050280264369;0.004183050280264369;0.004183050280264369;0.004183050280264369
