;Tot_Reads;PTENE5G_PTENE6D;PTENE6G_PTENE7D;PTENE7G_PTENE8D;PTENE1G_PTENE2D;PTENE4G_PTENE5D;PTENE3G_PTENE4D;PTENE8G_PTENE9D;PTENE2G_PTENE3D;PTENEins3G_PTENE4D;PTENE5G_PTENE7D;PTENE3G_PTENEins3D;PTENEins5G_PTENE6D;PTENE5G_PTENEins5D;PTENE2G_PTENE4D;PTENE2G_PTENE6D;PTENE1G_PTENEins1D;PTENE6G_PTENE6D;PTENEins5G_PTENE7D;PTENE8G_PTENE6D;PTENE5G_PTENE3D;PTENE3G_PTENE6D;PTENE7G_PTENE6D;PTENE6G_PTENE8D;PTENE5G_PTENE8D;PTENE5G_PTENE4D;PTENE7G_PTENE7D;PTENE6G_PTENE3D;PTENEins3G_PTENE6D;PTENE8G_PTENE3D;PTENE3G_PTENE3D;PTENE8G_PTENE4D;PTENE5G_PTENE2D;PTENE5G_PTENE5D
5171;150275.0;24.52903011146232;16.909000166361672;15.81633671602063;13.839960073199135;11.631342538679089;6.6671102977873895;5.522542006321744;2.9985027449675594;0.8171685243719847;0.43453668274829477;0.37265014140741975;0.16369988354683082;0.13175844285476626;0.10780236233571786;0.018632507070370986;0.009316253535185493;0.004658126767592747;0.003992680086508068;0.0033272334054233904;0.0033272334054233904;0.0033272334054233904;0.0026617867243387125;0.0013308933621693562;0.0013308933621693562;0.0013308933621693562;0.0006654466810846781;0.0006654466810846781;0.0006654466810846781;0.0006654466810846781;0.0006654466810846781;0.0006654466810846781;0.0006654466810846781;0.0006654466810846781
