;Tot_UMI;NTHL1E1G_NTHL1E2D;NTHL1E3G_NTHL1E4D;NTHL1E2G_NTHL1E3D;NTHL1E5G_NTHL1E6D;NTHL1E4G_NTHL1E5D;NTHL1E3G_NTHL1E5D;NTHL1E3G_NTHL1Eins4D;NTHL1E2G_NTHL1E6D;NTHL1E4G_NTHL1E3D
5171;230.0;46.52173913043479;20.869565217391305;14.782608695652176;9.130434782608697;6.9565217391304355;0.4347826086956522;0.4347826086956522;0.4347826086956522;0.4347826086956522
