;Tot_UMI;RAD51DE7G_RAD51DE8D;RAD51DE4G_RAD51DE5D;RAD51DE9G_RAD51DE10D;RAD51DE1G_RAD51DE2D;RAD51DE2G_RAD51DE3D;RAD51DE8G_RAD51DE9D;RAD51DE5G_RAD51DE6D;RAD51DE6G_RAD51DE7D;RAD51DE2G_RAD51DE4D;RAD51DE6G_RAD51DEins6D;RAD51DE3G_RAD51DE4D;RAD51DEins6G_RAD51DE7D;RAD51DEins3G_RAD51DE4D;RAD51DE2G_RAD51DE6D;RAD51DE4G_RAD51DE6D;RAD51DE3G_RAD51DE6D;RAD51DE3G_RAD51DEins3D;RAD51DE9G_RAD51DE9D;RAD51DE8G_RAD51DE7D;RAD51DE3G_RAD51DE5D;RAD51DE2G_RAD51DEins3D;RAD51DEins3G_RAD51DE7D;RAD51DE2G_RAD51DE10D;RAD51DE2G_RAD51DE5D;RAD51DE7G_RAD51DE5bD;RAD51DE7G_RAD51DE7D;RAD51DE1G_RAD51DE4D;RAD51DEins3G_RAD51DE6D;RAD51DEins6G_RAD51DE9D;RAD51DE1lncaG_RAD51DE4D;RAD51DE6G_RAD51DE9D;RAD51DE9G_RAD51DE6D;RAD51DEins3G_RAD51DE5D;RAD51DE9G_RAD51DEins6D;RAD51DE4G_RAD51DE5bD;RAD51DE3G_RAD51DE5bD;RAD51DE8G_RAD51DE3D;RAD51DEins6G_RAD51DE8D;RAD51DE2G_RAD51DE8D;RAD51DE4G_RAD51DE9D;RAD51DEins6G_RAD51DE5bD;RAD51DEins6G_RAD51DE5D;RAD51DEins6G_RAD51DEins3D;RAD51DEins6G_RAD51DE2D;RAD51DE8G_RAD51DE5bD;RAD51DEins3G_RAD51DE3D;RAD51DE5G_RAD51DE1D;RAD51DE6G_RAD51DE5D;RAD51DE1lncaG_RAD51DE6D;RAD51DE1lncaG_RAD51DEins3D;RAD51DE1G_RAD51DE3D;RAD51DE1lncaG_RAD51DE9D;RAD51DE1lncbG_RAD51DE2D;RAD51DE1lncaG_RAD51DE7D;RAD51DE1G_RAD51DE8D;RAD51DE9G_RAD51DE2D;RAD51DE2G_RAD51DE1D;RAD51DE8G_RAD51DE8D;RAD51DE1lncaG_RAD51DEins6D
5171;3080.0;14.35064935064935;13.019480519480519;13.603896103896103;10.25974025974026;9.545454545454545;8.636363636363637;8.019480519480519;7.662337662337662;3.538961038961039;2.2727272727272725;2.012987012987013;1.5584415584415585;0.8441558441558441;0.9090909090909091;0.42207792207792205;0.35714285714285715;0.2922077922077922;0.2597402597402597;0.19480519480519481;0.12987012987012986;0.12987012987012986;0.16233766233766234;0.12987012987012986;0.09740259740259741;0.09740259740259741;0.09740259740259741;0.06493506493506493;0.09740259740259741;0.032467532467532464;0.09740259740259741;0.09740259740259741;0.06493506493506493;0.06493506493506493;0.06493506493506493;0.032467532467532464;0.032467532467532464;0.032467532467532464;0.032467532467532464;0.032467532467532464;0.032467532467532464;0.032467532467532464;0.032467532467532464;0.032467532467532464;0.032467532467532464;0.032467532467532464;0.032467532467532464;0.032467532467532464;0.032467532467532464;0.032467532467532464;0.032467532467532464;0.032467532467532464;0.032467532467532464;0.032467532467532464;0.032467532467532464;0.032467532467532464;0.032467532467532464;0.032467532467532464;0.032467532467532464;0.032467532467532464
