;Tot_UMI;BAP1E8G_BAP1E9D;BAP1E4G_BAP1E5D;BAP1E12G_BAP1E13D;BAP1E9G_BAP1E10D;BAP1E3G_BAP1E4D;BAP1E6G_BAP1E7D;BAP1E10G_BAP1E11D;BAP1E7G_BAP1E8D;BAP1E15G_BAP1E16D;BAP1E1G_BAP1E2D;BAP1E16G_BAP1E17D;BAP1E11G_BAP1E12D;BAP1E2G_BAP1E3D;BAP1E14G_BAP1E15D;BAP1E13G_BAP1E14D;BAP1E5G_BAP1E6D;BAP1E8G_BAP1E9aD;BAP1E14G_BAP1E15aD;BAP1E10G_BAP1E12D;BAP1E3G_BAP1E5D;BAP1E8G_BAP1E8D;BAP1E7G_BAP1E9D;BAP1E6G_BAP1E9D
5171;24128.0;10.527188328912466;9.561505305039788;7.621850132625995;7.82907824933687;8.052884615384615;7.3565981432360745;6.797082228116711;5.711206896551724;5.769230769230769;5.00248673740053;5.072944297082228;5.218003978779841;4.77039124668435;4.575596816976128;3.1042771883289126;1.7821618037135278;0.990550397877984;0.1865053050397878;0.033156498673740056;0.02486737400530504;0.004144562334217507;0.004144562334217507;0.004144562334217507
