;Tot_Reads;FAN1E5G_FAN1E6D;FAN1E6G_FAN1E7D;FAN1E7G_FAN1E8D;FAN1E3G_FAN1E4D;FAN1E2G_FAN1E3D;FAN1E8G_FAN1E9D;FAN1E1G_FAN1E2D;FAN1E13G_FAN1E14D;FAN1E12G_FAN1E13D;FAN1E9G_FAN1E10D;FAN1E11G_FAN1E12D;FAN1Eins2G_FAN1E3D;FAN1E1lncG_FAN1E2D;FAN1E4G_FAN1E5D;FAN1E3G_FAN1E5D;FAN1E14G_FAN1E15D;FAN1E2G_FAN1Eins2D;FAN1E2aG_FAN1E3D;FAN1E10G_FAN1E11D;FAN1E6G_FAN1E8D;FAN1E5G_FAN1E7D;FAN1E5G_FAN1E3D;FAN1E2aG_FAN1Eins2D;FAN1E12G_FAN1E14D;FAN1E3G_FAN1E6D;FAN1E5G_FAN1E8D;FAN1E12G_FAN1E12D;FAN1E13G_FAN1E3D;FAN1E8G_FAN1E10D;FAN1E5G_FAN1E2D;FAN1E11G_FAN1E2D;FAN1E3G_FAN1E14D;FAN1E5G_FAN1E12D;FAN1E1G_FAN1E8D
5171;18572.0;20.864742623303897;19.85785052767607;14.904156795175533;12.281929786775791;11.18888649580013;4.942924833082059;2.498384665087228;2.4499246177040708;1.647641611027353;1.6368727116088735;1.3030368296360113;1.1845789360327375;1.0015076459185872;0.94766314882619;0.6353650656902865;0.586905018307129;0.49536937325005387;0.473831574413095;0.43075597673917726;0.3069136334266638;0.18845573982339006;0.05384449709239716;0.02692224854619858;0.021537798836958864;0.01615334912771915;0.010768899418479432;0.005384449709239716;0.005384449709239716;0.005384449709239716;0.005384449709239716;0.005384449709239716;0.005384449709239716;0.005384449709239716;0.005384449709239716
