;Tot_UMI;RINT1E4G_RINT1E5D;RINT1E5G_RINT1E6D;RINT1E8G_RINT1E9D;RINT1E9G_RINT1E10D;RINT1E12G_RINT1E13D;RINT1E11G_RINT1E12D;RINT1E7G_RINT1E8D;RINT1E1G_RINT1E2D;RINT1E6G_RINT1E7D;RINT1E10G_RINT1E11D;RINT1E13G_RINT1E14D;RINT1E3G_RINT1E4D;RINT1E2G_RINT1E3D;RINT1E14G_RINT1E15D;RINT1Eins3G_RINT1E4D;RINT1E2G_RINT1Eins2D;RINT1E10G_RINT1E12D;RINT1Eins2G_RINT1E3D;RINT1E14G_RINT1E13D;RINT1E4G_RINT1E8D;RINT1E11G_RINT1E13D;RINT1E3aG_RINT1E4D;RINT1E8G_RINT1E10D;RINT1E14G_RINT1E12D;RINT1E2G_RINT1E3bD;RINT1E3G_RINT1E4aD;RINT1E7G_RINT1E5D;RINT1E11G_RINT1E4D;RINT1E7G_RINT1E6D;RINT1E3aG_RINT1E4aD;RINT1E4G_RINT1E6D;RINT1Eins3G_RINT1E4aD;RINT1E7G_RINT1E4D;RINT1E12G_RINT1E15D;RINT1E4G_RINT1E12D;RINT1E14G_RINT1E4D;RINT1Eins2G_RINT1E3bD;RINT1E11G_RINT1E10D;RINT1E3aG_RINT1E6D;RINT1E10G_RINT1E13D;RINT1E4G_RINT1E4D;RINT1E10G_RINT1E5D;RINT1Eins2G_RINT1E4D;RINT1E9G_RINT1E5D;RINT1E12G_RINT1E4D;RINT1E11G_RINT1E2D;RINT1E10G_RINT1E3D;RINT1E10G_RINT1E4D
5171;24494.0;11.027190332326285;10.970033477586348;10.614844451702458;10.035110639340246;8.834816689801585;7.9815465011839635;7.467134808524537;6.601616722462644;6.830244141422389;6.8874009961623255;4.482730464603576;2.9966522413652323;2.7027027027027026;0.7307912141749;0.5307422225851229;0.19596635910835306;0.17147056421980894;0.15514003429411286;0.1265616069241447;0.13472687188699273;0.08165264962848044;0.061239487221360335;0.05307422225851229;0.048991589777088264;0.04082632481424022;0.0367436923328162;0.0367436923328162;0.024495794888544132;0.01633052992569609;0.008165264962848045;0.008165264962848045;0.008165264962848045;0.012247897444272066;0.012247897444272066;0.004082632481424022;0.008165264962848045;0.008165264962848045;0.008165264962848045;0.004082632481424022;0.008165264962848045;0.004082632481424022;0.004082632481424022;0.004082632481424022;0.004082632481424022;0.004082632481424022;0.004082632481424022;0.004082632481424022;0.004082632481424022
