;Tot_Reads;RPS20E2G_RPS20E3D;RPS20E3G_RPS20E4D;RPS20E1G_RPS20E2D;RPS20E1bG_RPS20E2D;RPS20E2G_RPS20E4D;RPS20E4aG_RPS20E5bD;RPS20E5bG_RPS20E6bD;RPS20E2G_RPS20E2D
5171;82344.0;46.078645681531135;33.02122801904206;20.824832410375983;0.03643252696006995;0.013358593218692314;0.01214417565335665;0.008500922957349654;0.00485767026134266
