;Tot_UMI;MBD4E4G_MBD4E5D;MBD4E5G_MBD4E6D;MBD4E1G_MBD4E2D;MBD4E3G_MBD4E4D;MBD4E2G_MBD4E3D;MBD4E6G_MBD4E7D;MBD4E7G_MBD4E8D;MBD4E3aG_MBD4E4D;MBD4E2aG_MBD4E3D;MBD4E7aG_MBD4E8D;MBD4E2G_MBD4E4D;MBD4E2aG_MBD4E4D;MBD4E5G_MBD4E5D;MBD4E6G_MBD4E5D;MBD4E4G_MBD4E4D;MBD4E3G_MBD4E5D;MBD4E4G_MBD4E3D;MBD4E7G_MBD4E3D;MBD4E6G_MBD4E3D;MBD4E3G_MBD4E3D;MBD4E7G_MBD4E5D;MBD4E5G_MBD4E4D
5171;47632.0;19.010329190460194;16.30836412495801;14.30550890157877;14.034682566341955;13.919213973799128;12.340443399395365;4.482280819617064;3.9091367148135707;1.0077258985555928;0.4660732280819617;0.10707087672153175;0.04408800806180719;0.014696002687269063;0.014696002687269063;0.008397715821296607;0.006298286865972455;0.006298286865972455;0.004198857910648304;0.004198857910648304;0.002099428955324152;0.002099428955324152;0.002099428955324152
