;Tot_UMI;EPCAME8G_EPCAME9D;EPCAME7G_EPCAME8D;EPCAME6G_EPCAME7D;EPCAME7G_EPCAME5D;EPCAME3G_EPCAME4D;EPCAME4G_EPCAME5D;EPCAME2G_EPCAME3D;EPCAME7G_EPCAME6D;EPCAME5G_EPCAME6D;EPCAME7G_EPCAME4D;EPCAME1G_EPCAME2D;EPCAME1bG_EPCAME2lncD;EPCAME7G_EPCAME9D;EPCAME7G_EPCAME2D;EPCAME6G_EPCAME3D
5171;298.0;20.80536912751678;14.429530201342281;15.436241610738255;12.080536912751677;10.40268456375839;9.060402684563758;6.375838926174497;2.684563758389262;3.3557046979865772;2.0134228187919465;2.0134228187919465;0.33557046979865773;0.33557046979865773;0.33557046979865773;0.33557046979865773
