;Tot_Reads;EPCAME8G_EPCAME9D;EPCAME7G_EPCAME8D;EPCAME6G_EPCAME7D;EPCAME7G_EPCAME5D;EPCAME3G_EPCAME4D;EPCAME4G_EPCAME5D;EPCAME2G_EPCAME3D;EPCAME7G_EPCAME6D;EPCAME5G_EPCAME6D;EPCAME7G_EPCAME4D;EPCAME1G_EPCAME2D;EPCAME1bG_EPCAME2lncD;EPCAME7G_EPCAME9D;EPCAME7G_EPCAME2D;EPCAME6G_EPCAME3D
5171;349.0;20.916905444126073;14.326647564469914;13.753581661891117;12.320916905444125;10.888252148997134;8.882521489971346;6.303724928366762;3.7249283667621773;3.438395415472779;2.292263610315186;2.005730659025788;0.28653295128939826;0.28653295128939826;0.28653295128939826;0.28653295128939826
