;Tot_Reads;BARD1E5G_BARD1E6D;BARD1E4G_BARD1E5D;BARD1E6G_BARD1E7D;BARD1E10G_BARD1E11D;BARD1E8G_BARD1E9D;BARD1E7G_BARD1E8D;BARD1E2G_BARD1E3D;BARD1E3G_BARD1E4D;BARD1E9G_BARD1E10D;BARD1E1G_BARD1E2D;BARD1E6G_BARD1E4D;BARD1E6G_BARD1E2D;BARD1E7G_BARD1E2D;BARD1E4G_BARD1E2D;BARD1E6G_BARD1E3D;BARD1E3G_BARD1E5D;BARD1E7G_BARD1E4D;BARD1E7G_BARD1E3D;BARD1E4G_BARD1E3D;BARD1E9G_BARD1E2D;BARD1Eins10G_BARD1E11D;BARD1E2G_BARD1E4D;BARD1E3G_BARD1E2D;BARD1E9G_BARD1E4D;BARD1E4aG_BARD1E5D;BARD1E4G_BARD1E4D;BARD1E9G_BARD1E5aD;BARD1E3G_BARD1E7D;BARD1E7G_BARD1E10D;BARD1E7G_BARD1E9D;BARD1E5G_BARD1E2D;BARD1E2G_BARD1E7D;BARD1E10G_BARD1Eins10D;BARD1E9G_BARD1E8D;BARD1E1G_BARD1E4D;BARD1E3G_BARD1E10D;BARD1E6G_BARD1E8D
5171;10536.0;24.23120728929385;14.217919514047077;10.070235383447228;9.253986332574032;8.428246013667426;7.687927107061504;6.2262718299164765;5.647304479878512;3.5117691723614275;3.1890660592255125;1.9362186788154898;1.4901290812452543;0.7687927107061503;0.6928625664388762;0.5504935459377372;0.39863325740318906;0.3701594533029613;0.24677296886864086;0.18982536066818528;0.17084282460136674;0.1613515565679575;0.12338648443432043;0.07593014426727411;0.07593014426727411;0.06643887623386484;0.05694760820045558;0.02847380410022779;0.02847380410022779;0.018982536066818528;0.018982536066818528;0.009491268033409264;0.009491268033409264;0.009491268033409264;0.009491268033409264;0.009491268033409264;0.009491268033409264;0.009491268033409264
