;Tot_UMI;PTENE5G_PTENE6D;PTENE6G_PTENE7D;PTENE7G_PTENE8D;PTENE1G_PTENE2D;PTENE4G_PTENE5D;PTENE3G_PTENE4D;PTENE8G_PTENE9D;PTENE2G_PTENE3D;PTENEins3G_PTENE4D;PTENE5G_PTENE7D;PTENE3G_PTENEins3D;PTENEins5G_PTENE6D;PTENE5G_PTENEins5D;PTENE2G_PTENE4D;PTENE2G_PTENE6D;PTENE1G_PTENEins1D;PTENE6G_PTENE6D;PTENEins5G_PTENE7D;PTENE8G_PTENE6D;PTENE5G_PTENE3D;PTENE3G_PTENE6D;PTENE7G_PTENE6D;PTENE6G_PTENE8D;PTENE5G_PTENE8D;PTENE5G_PTENE4D;PTENE7G_PTENE7D;PTENE6G_PTENE3D;PTENEins3G_PTENE6D;PTENE8G_PTENE3D;PTENE3G_PTENE3D;PTENE8G_PTENE4D;PTENE5G_PTENE2D;PTENE5G_PTENE5D
5171;73213.0;18.817696310764482;14.737819786103561;15.303293131001325;14.486498299482333;11.715132558425417;8.464343764085614;7.860625845136792;4.809255186920356;1.464220835097592;0.808599565650909;0.6829388223402948;0.30049308182972967;0.25268736426590904;0.1953205031893243;0.035512818761695326;0.013658776446805895;0.008195265868083538;0.005463510578722358;0.005463510578722358;0.005463510578722358;0.006829388223402948;0.002731755289361179;0.002731755289361179;0.002731755289361179;0.0013658776446805894;0.0013658776446805894;0.0013658776446805894;0.0013658776446805894;0.0013658776446805894;0.0013658776446805894;0.0013658776446805894;0.0013658776446805894;0.0013658776446805894
