;Tot_Reads;MLH1E12G_MLH1E13D;MLH1E4G_MLH1E5D;MLH1E5G_MLH1E6D;MLH1E8G_MLH1E9D;MLH1E13G_MLH1E14D;MLH1E2G_MLH1E3D;MLH1E11G_MLH1E12D;MLH1E1G_MLH1E2D;MLH1E6G_MLH1E7D;MLH1E3G_MLH1E4D;MLH1E18G_MLH1E19D;MLH1E10G_MLH1E11D;MLH1E17G_MLH1E18D;MLH1E9G_MLH1E10D;MLH1E7G_MLH1E8D;MLH1E16G_MLH1E17D;MLH1E14G_MLH1E15D;MLH1E15G_MLH1E16D;MLH1E1bG_MLH1E2D;MLH1E9G_MLH1E12D;MLH1E5G_MLH1E7D;MLH1E9G_MLH1E11D;MLH1E16G_MLH1E18D;MLH1E8G_MLH1E12D;MLH1E15G_MLH1E17D;MLH1E5G_MLH1E4D;MLH1E8G_MLH1E11D;MLH1E8G_MLH1E7D;MLH1E14G_MLH1E16D;MLH1Eins2aG_MLH1E3D;MLH1E2G_MLH1E4D;MLH1E11G_MLH1E13D;MLH1E1bG_MLH1Eins1aD;MLH1E2G_MLH1Eins2aD;MLH1E8G_MLH1E10D;MLH1E13G_MLH1E16D;MLH1Eins1aG_MLH1E2D;MLH1E3G_MLH1E5D;MLH1E1G_MLH1Eins1aD;MLH1E8G_MLH1E13D;MLH1E13G_MLH1E15D;MLH1E15G_MLH1E14D;MLH1E4G_MLH1E2D;MLH1E8G_MLH1E8D;MLH1E1G_MLH1E3D;MLH1E5G_MLH1E2D;MLH1E18G_MLH1E16D;MLH1E15G_MLH1E19D;MLH1E15G_MLH1E2D;MLH1E9G_MLH1E13D;MLH1E15G_MLH1E9D;MLH1E4G_MLH1E3D;MLH1E11G_MLH1E10D;MLH1E17G_MLH1E17D;MLH1E14G_MLH1E19D;MLH1E1bG_MLH1E3D;MLH1E3G_MLH1E2D;MLH1E12G_MLH1E11D;MLH1E13G_MLH1E13D;MLH1E6G_MLH1E2D;MLH1E10G_MLH1E13D;MLH1E10G_MLH1E12D;MLH1E6G_MLH1E9D;MLH1E16G_MLH1E9D;MLH1E15G_MLH1E18D
5171;43817.0;9.20647237373622;8.028847251066937;7.597507816600863;7.54501677431134;7.097701805235411;6.438140447771413;6.376520528561973;5.627952621128785;5.6165415249788895;4.966109044434808;4.532487390738754;4.450327498459502;4.121687929342492;3.929981514024237;3.2818312527101354;3.0855603989319214;3.033069356642399;1.8691375493529907;0.8695255266220873;0.5956592190245795;0.46329050368578406;0.21909304607800625;0.2145286076180478;0.15290868840860852;0.1004176461190862;0.057055480749480796;0.05249104228952233;0.04107994613962617;0.04107994613962617;0.03879772690964694;0.034233288449688475;0.034233288449688475;0.03195106921970924;0.029668849989730014;0.02510441152977155;0.022822192299792318;0.020539973069813085;0.018257753839833853;0.01597553460985462;0.01369331537987539;0.009128876919916927;0.009128876919916927;0.009128876919916927;0.006846657689937695;0.006846657689937695;0.006846657689937695;0.004564438459958463;0.004564438459958463;0.004564438459958463;0.004564438459958463;0.004564438459958463;0.0022822192299792317;0.0022822192299792317;0.0022822192299792317;0.0022822192299792317;0.0022822192299792317;0.0022822192299792317;0.0022822192299792317;0.0022822192299792317;0.0022822192299792317;0.0022822192299792317;0.0022822192299792317;0.0022822192299792317;0.0022822192299792317;0.0022822192299792317
