;Tot_Reads;MUTYHE14G_MUTYHE15D;MUTYHE15G_MUTYHE16D;MUTYHE3G_MUTYHE4D;MUTYHE13G_MUTYHE14D;MUTYHE1lncaG_MUTYHE2D;MUTYHE7G_MUTYHE8D;MUTYHE4G_MUTYHE5D;MUTYHE5G_MUTYHE6D;MUTYHE6G_MUTYHE7D;MUTYHE12G_MUTYHE13D;MUTYHE1lncbG_MUTYHE2D;MUTYHE2G_MUTYHE3D;MUTYHE8G_MUTYHE9D;MUTYHE11G_MUTYHE12D;MUTYHE2G_MUTYHE3bD;MUTYHE1G_MUTYHE2D;MUTYHE10G_MUTYHE11D;MUTYHE9G_MUTYHE10D;MUTYHE2G_MUTYHE3aD;MUTYHE1G_MUTYHEins1D;MUTYHEins15G_MUTYHE16D;MUTYHEins1G_MUTYHE2D;MUTYHE5G_MUTYHE7D;MUTYHE2G_MUTYHE7D;MUTYHE1lncbG_MUTYHEins1D;MUTYHE9G_MUTYHE9D;MUTYHE15G_MUTYHE2D;MUTYHE2G_MUTYHE4D;MUTYHE7G_MUTYHE11D;MUTYHE4G_MUTYHE9D;MUTYHE15G_MUTYHE3bD;MUTYHE15G_MUTYHE15D;MUTYHE4G_MUTYHE7D;MUTYHE12G_MUTYHE5D;MUTYHE1lnccG_MUTYHE5D;MUTYHE7G_MUTYHE13D;MUTYHE1lncaG_MUTYHEins1D;MUTYHE1lncaG_MUTYHE13D;MUTYHE1lncbG_MUTYHE3bD;MUTYHE1lnccG_MUTYHE7D;MUTYHE6G_MUTYHE2D;MUTYHE15G_MUTYHE13D;MUTYHE11G_MUTYHE13D;MUTYHE10G_MUTYHE9D;MUTYHE2G_MUTYHE15D;MUTYHE1lnccG_MUTYHE15D;MUTYHE2G_MUTYHE16D;MUTYHE3G_MUTYHE2D;MUTYHE7G_MUTYHE10D;MUTYHE5G_MUTYHE2D;MUTYHE1lnccG_MUTYHE2D;MUTYHE2G_MUTYHEins1D;MUTYHE1G_MUTYHE13D;MUTYHE4G_MUTYHE11D;MUTYHE3G_MUTYHE13D;MUTYHE4G_MUTYHE6D;MUTYHE9G_MUTYHE3aD;MUTYHE1G_MUTYHE4D
5171;7392.0;19.223484848484848;11.525974025974026;8.576839826839826;8.292748917748918;7.251082251082251;6.872294372294372;6.3852813852813854;4.491341991341991;4.491341991341991;3.1926406926406927;3.1385281385281383;3.0303030303030303;2.1374458874458875;2.056277056277056;1.7992424242424243;1.7586580086580086;1.74512987012987;1.3257575757575757;0.6628787878787878;0.47348484848484845;0.3246753246753247;0.21645021645021645;0.1488095238095238;0.08116883116883117;0.08116883116883117;0.05411255411255411;0.040584415584415584;0.040584415584415584;0.040584415584415584;0.040584415584415584;0.027056277056277056;0.027056277056277056;0.027056277056277056;0.027056277056277056;0.027056277056277056;0.027056277056277056;0.027056277056277056;0.027056277056277056;0.027056277056277056;0.013528138528138528;0.013528138528138528;0.013528138528138528;0.013528138528138528;0.013528138528138528;0.013528138528138528;0.013528138528138528;0.013528138528138528;0.013528138528138528;0.013528138528138528;0.013528138528138528;0.013528138528138528;0.013528138528138528;0.013528138528138528;0.013528138528138528;0.013528138528138528;0.013528138528138528;0.013528138528138528;0.013528138528138528
