;Tot_Reads;MSH2E4G_MSH2E5D;MSH2E5G_MSH2E6D;MSH2E3G_MSH2E4D;MSH2E2G_MSH2E3D;MSH2E6G_MSH2E7D;MSH2E9G_MSH2E10D;MSH2E14G_MSH2E15D;MSH2E7G_MSH2E8D;MSH2E12G_MSH2E13D;MSH2E13G_MSH2E14D;MSH2E1G_MSH2E2D;MSH2E8G_MSH2E9D;MSH2E11G_MSH2E12D;MSH2E10G_MSH2E11D;MSH2E15G_MSH2E16D;MSH2E15G_MSH2E17D;MSH2E4G_MSH2E6D;MSH2E8G_MSH2E2D;MSH2E17G_MSH2E18D;MSH2E8G_MSH2E7D;MSH2E7G_MSH2E2D;MSH2E8G_MSH2E5D;MSH2E9G_MSH2E11D;MSH2E6G_MSH2E8D;MSH2E3G_MSH2E5D;MSH2E7G_MSH2E9D;MSH2E12G_MSH2E14D;MSH2E9G_MSH2E7D;MSH2E7G_MSH2E5D;MSH2E8G_MSH2E4D;MSH2E1G_MSH2E9D;MSH2E1G_MSH2E3D;MSH2E15G_MSH2E12D;MSH2E6G_MSH2E2D;MSH2E10G_MSH2E12D;MSH2E15G_MSH2E5D;MSH2E9G_MSH2E5D;MSH2E1G_MSH2E13D;MSH2E2G_MSH2E4D;MSH2E15G_MSH2E14D
5171;30636.0;16.062801932367147;11.626844235539886;9.27340383862123;8.15054184619402;7.3116594855725285;6.645776210993602;5.9048178613396;5.715498106802454;4.501240370805588;4.497976237106672;4.491447969708839;4.328241284763024;3.851677764721243;3.1172476824650737;2.314270792531662;1.3807285546415982;0.4014884449667058;0.127301214257736;0.042433738085912;0.03590547068807938;0.03590547068807938;0.03590547068807938;0.03590547068807938;0.02611306959133046;0.01305653479566523;0.009792401096748922;0.006528267397832615;0.006528267397832615;0.006528267397832615;0.006528267397832615;0.006528267397832615;0.0032641336989163074;0.0032641336989163074;0.0032641336989163074;0.0032641336989163074;0.0032641336989163074;0.0032641336989163074;0.0032641336989163074;0.0032641336989163074;0.0032641336989163074
