;Tot_UMI;MUTYHE14G_MUTYHE15D;MUTYHE15G_MUTYHE16D;MUTYHE3G_MUTYHE4D;MUTYHE13G_MUTYHE14D;MUTYHE1lncaG_MUTYHE2D;MUTYHE7G_MUTYHE8D;MUTYHE4G_MUTYHE5D;MUTYHE5G_MUTYHE6D;MUTYHE6G_MUTYHE7D;MUTYHE12G_MUTYHE13D;MUTYHE1lncbG_MUTYHE2D;MUTYHE2G_MUTYHE3D;MUTYHE8G_MUTYHE9D;MUTYHE11G_MUTYHE12D;MUTYHE2G_MUTYHE3bD;MUTYHE1G_MUTYHE2D;MUTYHE10G_MUTYHE11D;MUTYHE9G_MUTYHE10D;MUTYHE2G_MUTYHE3aD;MUTYHE1G_MUTYHEins1D;MUTYHEins15G_MUTYHE16D;MUTYHEins1G_MUTYHE2D;MUTYHE5G_MUTYHE7D;MUTYHE2G_MUTYHE7D;MUTYHE1lncbG_MUTYHEins1D;MUTYHE9G_MUTYHE9D;MUTYHE15G_MUTYHE2D;MUTYHE2G_MUTYHE4D;MUTYHE7G_MUTYHE11D;MUTYHE4G_MUTYHE9D;MUTYHE15G_MUTYHE3bD;MUTYHE15G_MUTYHE15D;MUTYHE4G_MUTYHE7D;MUTYHE12G_MUTYHE5D;MUTYHE1lnccG_MUTYHE5D;MUTYHE7G_MUTYHE13D;MUTYHE1lncaG_MUTYHEins1D;MUTYHE1lncaG_MUTYHE13D;MUTYHE1lncbG_MUTYHE3bD;MUTYHE1lnccG_MUTYHE7D;MUTYHE6G_MUTYHE2D;MUTYHE15G_MUTYHE13D;MUTYHE11G_MUTYHE13D;MUTYHE10G_MUTYHE9D;MUTYHE2G_MUTYHE15D;MUTYHE1lnccG_MUTYHE15D;MUTYHE2G_MUTYHE16D;MUTYHE3G_MUTYHE2D;MUTYHE7G_MUTYHE10D;MUTYHE5G_MUTYHE2D;MUTYHE1lnccG_MUTYHE2D;MUTYHE2G_MUTYHEins1D;MUTYHE1G_MUTYHE13D;MUTYHE4G_MUTYHE11D;MUTYHE3G_MUTYHE13D;MUTYHE4G_MUTYHE6D;MUTYHE9G_MUTYHE3aD;MUTYHE1G_MUTYHE4D
5171;5957.0;19.05321470538862;12.271277488668792;8.779587040456606;8.225616921269095;6.94980694980695;6.714789323484975;6.26154104414974;4.532482793352359;4.649991606513345;3.1895249286553633;2.988081248950814;2.9545073023333894;1.9808628504280679;2.0480107436629176;1.6954843041799563;1.796206144032231;1.6283364109451066;1.4268927312405573;0.6714789323484975;0.4868222259526607;0.3693134127916737;0.21823065301326172;0.16786973308712438;0.10072183985227463;0.08393486654356219;0.05036091992613732;0.033573946617424875;0.033573946617424875;0.05036091992613732;0.05036091992613732;0.033573946617424875;0.016786973308712438;0.033573946617424875;0.016786973308712438;0.016786973308712438;0.016786973308712438;0.033573946617424875;0.016786973308712438;0.033573946617424875;0.016786973308712438;0.016786973308712438;0.016786973308712438;0.016786973308712438;0.016786973308712438;0.016786973308712438;0.016786973308712438;0.016786973308712438;0.016786973308712438;0.016786973308712438;0.016786973308712438;0.016786973308712438;0.016786973308712438;0.016786973308712438;0.016786973308712438;0.016786973308712438;0.016786973308712438;0.016786973308712438;0.016786973308712438
