;Tot_UMI;GALNT12E7G_GALNT12E8D;GALNT12E6G_GALNT12E7D;GALNT12E9G_GALNT12E10D;GALNT12E8G_GALNT12E9D;GALNT12E4G_GALNT12E5D;GALNT12E5G_GALNT12E6D;GALNT12E3G_GALNT12E4D;GALNT12E2G_GALNT12E3D;GALNT12E1G_GALNT12E2D;GALNT12E1G_GALNT12E3D;GALNT12E6G_GALNT12E4D;GALNT12E4G_GALNT12E4D;GALNT12E3G_GALNT12E5D;GALNT12E4G_GALNT12E6D;GALNT12E8G_GALNT12E10D;GALNT12Eins9G_GALNT12E3D
5171;7351.0;20.55502652700313;21.792953339681674;16.188273704257924;14.188545776084885;9.808189361991564;7.794857842470412;4.584410284315059;3.740987620731873;1.1563052645898517;0.0680179567405795;0.027207182696231805;0.013603591348115902;0.027207182696231805;0.027207182696231805;0.013603591348115902;0.013603591348115902
