;Tot_Reads;AXIN2E2G_AXIN2E3D;AXIN2E4G_AXIN2E5D;AXIN2E3G_AXIN2E4D;AXIN2E10G_AXIN2E11D;AXIN2E8G_AXIN2E9D;AXIN2E5G_AXIN2E6D;AXIN2E9G_AXIN2E10D;AXIN2Eins1aG_AXIN2E2D;AXIN2E6G_AXIN2E8D;AXIN2E6G_AXIN2E7D;AXIN2Eins1cG_AXIN2E2D;AXIN2E7G_AXIN2E8D;AXIN2E1G_AXIN2E2D;AXIN2E2G_AXIN2E4D;AXIN2E10G_AXIN2E8D;AXIN2E3G_AXIN2E5D;AXIN2E2G_AXIN2E6D;AXIN2E1G_AXIN2E10D;AXIN2E9G_AXIN2E11D;AXIN2E6G_AXIN2E6D;AXIN2E5G_AXIN2E9D;AXIN2E2G_AXIN2E5D;AXIN2E9G_AXIN2E6D
5171;7692.0;34.52938117524701;15.379615184607385;14.0795631825273;12.441497659906396;8.372334893395736;6.357254290171607;2.9511180447217886;2.3790951638065523;1.4170566822672908;0.8190327613104524;0.6370254810192407;0.2990119604784191;0.1690067602704108;0.026001040041601663;0.026001040041601663;0.026001040041601663;0.013000520020800831;0.013000520020800831;0.013000520020800831;0.013000520020800831;0.013000520020800831;0.013000520020800831;0.013000520020800831
