;Tot_Reads;MSH6E3G_MSH6E4D;MSH6E5G_MSH6E6D;MSH6E2G_MSH6E3D;MSH6E4G_MSH6E5D;MSH6E7G_MSH6E8D;MSH6E8G_MSH6E9D;MSH6E6G_MSH6E7D;MSH6E9G_MSH6E10D;MSH6E1G_MSH6E2D;MSH6E1lncG_MSH6E2lncD;MSH6E2G_MSH6E4D;MSH6E3G_MSH6E5D;MSH6E1G_MSH6E3D;MSH6E8G_MSH6E10D;MSH6E1G_MSH6E4D;MSH6E1aG_MSH6E2D;MSH6E2lncG_MSH6E3lncD;MSH6E2G_MSH6E5D;MSH6E3G_MSH6E2D;MSH6E3G_MSH6E6D;MSH6E3G_MSH6E3D;MSH6E1G_MSH6E5D;MSH6E1lncG_MSH6E3lncD
5171;18427.0;22.385629782384544;16.23704346882292;11.559125196722201;10.84821186302708;10.316383567591034;9.051934661095132;8.265045856623432;6.495902751397406;4.205784989417702;0.16823139957670807;0.1519509415531557;0.12481684484723503;0.037987735388288923;0.02713409670592066;0.02713409670592066;0.021707277364736526;0.021707277364736526;0.010853638682368263;0.010853638682368263;0.010853638682368263;0.010853638682368263;0.0054268193411841316;0.0054268193411841316
