;Tot_Reads;GALNT12E7G_GALNT12E8D;GALNT12E6G_GALNT12E7D;GALNT12E9G_GALNT12E10D;GALNT12E8G_GALNT12E9D;GALNT12E4G_GALNT12E5D;GALNT12E5G_GALNT12E6D;GALNT12E3G_GALNT12E4D;GALNT12E2G_GALNT12E3D;GALNT12E1G_GALNT12E2D;GALNT12E1G_GALNT12E3D;GALNT12E6G_GALNT12E4D;GALNT12E4G_GALNT12E4D;GALNT12E3G_GALNT12E5D;GALNT12E4G_GALNT12E6D;GALNT12E8G_GALNT12E10D;GALNT12Eins9G_GALNT12E3D
5171;9456.0;22.7580372250423;21.82741116751269;15.36590524534687;13.3248730964467;9.697546531302876;7.3815566835871405;4.7165820642978;3.7119289340101522;1.02580372250423;0.07402707275803723;0.031725888324873094;0.021150592216582064;0.021150592216582064;0.021150592216582064;0.010575296108291032;0.010575296108291032
