;Tot_UMI;POLD1E9G_POLD1E10D;POLD1E2G_POLD1E3D;POLD1E1G_POLD1E2D;POLD1E11G_POLD1E12D;POLD1E19G_POLD1E20D;POLD1E17G_POLD1E18D;POLD1E6G_POLD1E7D;POLD1E13G_POLD1E14D;POLD1E18G_POLD1E19D;POLD1E3G_POLD1E2D;POLD1E20G_POLD1E21D;POLD1E12G_POLD1E13D;POLD1E25G_POLD1E26D;POLD1E15G_POLD1E16D;POLD1E4G_POLD1E5D;POLD1E22G_POLD1E23D;POLD1E26G_POLD1E27D;POLD1E10G_POLD1E11D;POLD1E14G_POLD1E15D;POLD1E24G_POLD1E25D;POLD1E21G_POLD1E22D;POLD1E8G_POLD1E9D;POLD1E7G_POLD1E8D;POLD1E23G_POLD1E24D;POLD1E1G_POLD1Eins1D;POLD1E10G_POLD1E10D;POLD1E16G_POLD1E17D;POLD1E3G_POLD1E4D;POLD1Eins1G_POLD1E2D;POLD1E5G_POLD1E6D;POLD1E3G_POLD1E3D;POLD1E25G_POLD1E5D;POLD1E25G_POLD1E4D;POLD1E2G_POLD1E9D;POLD1E11G_POLD1E10D;POLD1E17aG_POLD1E18D;POLD1E4G_POLD1E9D;POLD1E4G_POLD1E6D
5171;2076.0;11.030828516377648;9.248554913294797;6.840077071290944;6.262042389210019;5.684007707129094;5.3468208092485545;5.298651252408478;4.720616570327553;4.190751445086705;4.0462427745664735;3.3236994219653178;3.1310211946050095;3.420038535645472;3.082851637764932;3.2273603082851636;2.890173410404624;3.082851637764932;2.79383429672447;2.5048169556840074;1.6377649325626202;1.396917148362235;1.0597302504816954;0.9152215799614642;0.9633911368015413;0.8188824662813101;0.6743737957610789;0.6262042389210019;0.5298651252408477;0.3853564547206165;0.33718689788053946;0.19267822736030826;0.048169556840077066;0.048169556840077066;0.048169556840077066;0.048169556840077066;0.048169556840077066;0.048169556840077066;0.048169556840077066
