;Tot_UMI;SMAD4E2G_SMAD4E3D;SMAD4E6G_SMAD4E7D;SMAD4E5G_SMAD4E6D;SMAD4E7G_SMAD4E8D;SMAD4E8G_SMAD4E9D;SMAD4E9G_SMAD4E10D;SMAD4E10G_SMAD4E11D;SMAD4E3G_SMAD4E4D;SMAD4E4G_SMAD4E5D;SMAD4E11G_SMAD4E12D;SMAD4E1G_SMAD4E2D;SMAD4E8G_SMAD4E6D;SMAD4Eins11G_SMAD4E12D;SMAD4E8G_SMAD4E5D;SMAD4E10G_SMAD4E5D;SMAD4E5G_SMAD4E8D;SMAD4E11G_SMAD4Eins11D;SMAD4E10G_SMAD4E2D;SMAD4Eins4G_SMAD4E5D;SMAD4E8G_SMAD4E2D;SMAD4E8G_SMAD4E10D;SMAD4E3G_SMAD4E5D;SMAD4E7G_SMAD4E5D;SMAD4E8G_SMAD4E4D;SMAD4E10G_SMAD4E6D;SMAD4E5G_SMAD4E2D;SMAD4E5G_SMAD4E7D;SMAD4E4G_SMAD4E2D;SMAD4E8G_SMAD4E7D;SMAD4E4G_SMAD4E6D;SMAD4E5G_SMAD4E5D;SMAD4E9G_SMAD4E5D;SMAD4E1G_SMAD4E3D;SMAD4E7G_SMAD4E6D;SMAD4E9G_SMAD4E11D;SMAD4E4G_SMAD4E8D;SMAD4E10G_SMAD4E7D;SMAD4E11G_SMAD4E2D;SMAD4E1lncaG_SMAD4E2D;SMAD4E1G_SMAD4E5D;SMAD4E8G_SMAD4E11D;SMAD4E8G_SMAD4E3D;SMAD4E7G_SMAD4E2D;SMAD4E11G_SMAD4E5D;SMAD4E9G_SMAD4E7D;SMAD4E9G_SMAD4E2D;SMAD4E5G_SMAD4E4D;SMAD4E6G_SMAD4E5D;SMAD4E6G_SMAD4E8D;SMAD4E8G_SMAD4E8D;SMAD4E10G_SMAD4E3D;SMAD4E5G_SMAD4E11D;SMAD4E7G_SMAD4E9D;SMAD4E7G_SMAD4E4D;SMAD4E3G_SMAD4E8D;SMAD4E10G_SMAD4E4D;SMAD4E1lncbG_SMAD4E3D;SMAD4E11G_SMAD4E4D;SMAD4E1lncbG_SMAD4E11D
5171;100622.0;12.930571843135695;11.82445190912524;11.890043926775457;10.755103257736875;9.26636322076683;9.903400846733318;7.020333525471567;6.6993301663652085;5.927133231301306;4.303233885233845;3.6900479020492534;2.1714933116018367;1.2164337818767268;0.5873467035042038;0.46709467114547515;0.4263481147264018;0.357774641728449;0.1441036751406253;0.11627675856174594;0.07553020214267257;0.029814553477370755;0.02285782433265091;0.02285782433265091;0.01689491363717676;0.01689491363717676;0.013913458289439684;0.01093200294170261;0.012919639840193993;0.006956729144719842;0.006956729144719842;0.006956729144719842;0.005962910695474151;0.003975273796982767;0.004969092246228459;0.003975273796982767;0.0029814553477370753;0.0029814553477370753;0.0029814553477370753;0.0029814553477370753;0.0009938184492456917;0.0009938184492456917;0.0019876368984913834;0.0029814553477370753;0.0019876368984913834;0.0019876368984913834;0.0019876368984913834;0.0019876368984913834;0.0019876368984913834;0.0019876368984913834;0.0009938184492456917;0.0009938184492456917;0.0009938184492456917;0.0009938184492456917;0.0009938184492456917;0.0009938184492456917;0.0009938184492456917;0.0009938184492456917;0.0009938184492456917;0.0009938184492456917
