;Tot_UMI;FAM175AE8G_FAM175AE9D;FAM175AE5G_FAM175AE6D;FAM175AE1G_FAM175AE2D;FAM175AE7G_FAM175AE8D;FAM175AE6G_FAM175AE7D;FAM175AE4G_FAM175AE5D;FAM175AE2G_FAM175AE3D;FAM175AE3G_FAM175AE4D;FAM175AEins1G_FAM175AE2D;FAM175AE1G_FAM175AEins1D;FAM175AE3G_FAM175AE6D;FAM175AE3G_FAM175AE5D;FAM175AE7G_FAM175AE9D;FAM175AE8G_FAM175AE7D;FAM175AE7G_FAM175AEins7aD;FAM175AE5G_FAM175AE7D;FAM175AE6G_FAM175AE8D;FAM175AE5G_FAM175AE4D;FAM175AE2G_FAM175AE4D;FAM175AE8G_FAM175AE6D;FAM175AE4G_FAM175AE6D;FAM175AE2G_FAM175AEins2D;FAM175AE1G_FAM175AE3D;FAM175AE2G_FAM175AE5D;FAM175AE6G_FAM175AE5D;FAM175AE6G_FAM175AE4D;FAM175AEins7aG_FAM175AEins7bD;FAM175AE5G_FAM175AE2D;FAM175AE2G_FAM175AE6D;FAM175AE6G_FAM175AE2D;FAM175AE1G_FAM175AE4D;FAM175AE3G_FAM175AE2D;FAM175AE7G_FAM175AE2D;FAM175AE3G_FAM175AE7D;FAM175AE6G_FAM175AE9D;FAM175AE5G_FAM175AE8D;FAM175AE7G_FAM175AE4D;FAM175AE6G_FAM175AE3D;FAM175AEins1G_FAM175AE3D;FAM175AEins1G_FAM175AE4D;FAM175AE8G_FAM175AE8D;FAM175AE4G_FAM175AE8D;FAM175AE8G_FAM175AE2D;FAM175AE2G_FAM175AE7D
5171;14886.0;15.86725782614537;14.664785704688969;14.060190783286307;14.194545210264677;13.280935106811768;11.796318688700792;7.5238479107886596;4.823323928523444;1.3233911057369339;0.5172645438667204;0.2687088539567378;0.2351202472121456;0.2015316404675534;0.14107214832728737;0.11420126293161359;0.12091898428053204;0.1007658202337767;0.06045949214026602;0.06717721348918446;0.0738949348381029;0.06045949214026602;0.05374177079134757;0.047024049442429126;0.047024049442429126;0.04030632809351068;0.047024049442429126;0.04030632809351068;0.026870885395673786;0.03358860674459223;0.026870885395673786;0.013435442697836893;0.02015316404675534;0.013435442697836893;0.013435442697836893;0.0067177213489184465;0.013435442697836893;0.013435442697836893;0.0067177213489184465;0.0067177213489184465;0.0067177213489184465;0.0067177213489184465;0.0067177213489184465;0.0067177213489184465;0.0067177213489184465
