;Tot_Reads;STK11E3G_STK11E4D;STK11E2G_STK11E3D;STK11E6G_STK11E7D;STK11E7G_STK11E8D;STK11E1G_STK11E2D;STK11E5G_STK11E6D;STK11E8G_STK11E9D;STK11E4G_STK11E5D;STK11E1G_STK11Eins1D;STK11Eins1G_STK11E2D;STK11E9G_STK11E10D;STK11E1G_STK11E4D;STK11E8G_STK11E8aD;STK11Eins1G_STK11E4D;STK11E1lncG_STK11E2lncD;STK11E2lncG_STK11E3lncD;STK11E1G_STK11E5D;STK11E8G_STK11E2D;STK11E7G_STK11E6D;STK11E1lncG_STK11E3lncD;STK11E8G_STK11E6D;STK11E3G_STK11E2D;STK11E7G_STK11E9D;STK11E8G_STK11Eins1D;STK11E1G_STK11E6D;STK11E6G_STK11E6D;STK11E6G_STK11Eins1D;STK11Eins1G_STK11E3D;STK11E7G_STK11E4D;STK11E3G_STK11E6D;STK11E8G_STK11E4D;STK11E2G_STK11E9D;STK11Eins1G_STK11E5D;STK11E4G_STK11E4D;STK11E1G_STK11E8D;STK11E5G_STK11E2D;STK11E6G_STK11E8D
5171;20978.0;20.24025169224902;18.424063304414148;16.474401754218704;9.157212317666126;8.561349985699303;8.384974735437124;6.034893698159977;4.58098960816093;2.0879016112117457;1.4634378873105158;1.2155591572123177;1.1917246639336447;0.939079035179712;0.543426446753742;0.3432167032128897;0.10487177042616073;0.05243588521308037;0.042902087901611215;0.033368290590142055;0.014300695967203738;0.014300695967203738;0.009533797311469158;0.009533797311469158;0.009533797311469158;0.009533797311469158;0.004766898655734579;0.004766898655734579;0.004766898655734579;0.004766898655734579;0.004766898655734579;0.004766898655734579;0.004766898655734579;0.004766898655734579;0.004766898655734579;0.004766898655734579;0.004766898655734579;0.004766898655734579
