;Tot_UMI;POT1E13G_POT1E14D;POT1E8G_POT1E9D;POT1E6G_POT1E7D;POT1E11G_POT1E12D;POT1E9G_POT1E10D;POT1E3G_POT1E4D;POT1E12G_POT1E13D;POT1E10G_POT1E11D;POT1E1G_POT1E2D;POT1E16G_POT1E17D;POT1E17G_POT1E18D;POT1E18G_POT1E19D;POT1E15G_POT1E16D;POT1E14G_POT1E15D;POT1E7G_POT1E8D;POT1E2G_POT1E3D;POT1E5G_POT1E6D;POT1E4G_POT1E5D;POT1E6G_POT1E8D;POT1E15G_POT1E17D;POT1E11G_POT1Eins11D;POT1Eins11G_POT1E12D;POT1Eins5G_POT1E6D;POT1E5G_POT1Eins5D;POT1E1bG_POT1E2D;POT1E2G_POT1E4D;POT1E17G_POT1E16D;POT1E19aG_POT1Eins19D;POT1E6G_POT1Eins6bD;POT1E1aG_POT1E2D;POT1E7G_POT1E9D;POT1E15G_POT1E9D;POT1E19bG_POT1Eins19D;POT1E14G_POT1E7D;POT1E11G_POT1E13D;POT1Eins7G_POT1E8D;POT1E13G_POT1E14aD;POT1E14G_POT1E9D;POT1E14G_POT1E17D;POT1E9aG_POT1E10D;POT1E6G_POT1E3D;POT1E19bG_POT1E12D;POT1E2G_POT1E7D;POT1E4G_POT1Eins4D;POT1E6G_POT1E9D;POT1E6G_POT1E4D;POT1E15G_POT1E10D;POT1E6G_POT1Eins7D;POT1E6G_POT1E2D;POT1E1G_POT1E3D;POT1E14G_POT1E16D;POT1E8G_POT1E10D;POT1E19bG_POT1E16D;POT1E5G_POT1E7D;POT1E13G_POT1E4D;POT1E15G_POT1E7D;POT1E3G_POT1E7D;POT1E13G_POT1E7D;POT1E15G_POT1E13D;POT1E14G_POT1E6D;POT1E14G_POT1E10D;POT1E4G_POT1E6D;POT1E14G_POT1E12D;POT1E15G_POT1E6D;POT1E3G_POT1E6D
5171;24034.0;9.216110510110676;9.315969043854539;7.714071731713406;7.23558292419073;7.0150619955063656;6.678039444120829;6.170425230922859;6.078888241657651;5.280019971706749;4.988765914953816;4.618457185653657;4.110842972455687;3.9693767163185485;3.923608221685945;3.5907464425397353;3.4492801864025964;2.654572688691021;1.5478072730298744;0.6365981526171257;0.5367396188732628;0.24548556212032954;0.14562702837646668;0.14562702837646668;0.12066239494050096;0.05825081135058667;0.05409003911125905;0.04576849463260381;0.04160772239327619;0.04160772239327619;0.016643088957310478;0.033286177914620955;0.024964633435965715;0.024964633435965715;0.020803861196638095;0.016643088957310478;0.020803861196638095;0.008321544478655239;0.012482316717982857;0.016643088957310478;0.016643088957310478;0.012482316717982857;0.0041607722393276194;0.008321544478655239;0.012482316717982857;0.012482316717982857;0.012482316717982857;0.008321544478655239;0.0041607722393276194;0.0041607722393276194;0.008321544478655239;0.008321544478655239;0.008321544478655239;0.0041607722393276194;0.0041607722393276194;0.0041607722393276194;0.0041607722393276194;0.0041607722393276194;0.0041607722393276194;0.0041607722393276194;0.0041607722393276194;0.0041607722393276194;0.0041607722393276194;0.0041607722393276194;0.0041607722393276194;0.0041607722393276194
