;Tot_UMI;TP53E8G_TP53E9D;TP53E7G_TP53E8D;TP53E5G_TP53E6D;TP53E6G_TP53E7D;TP53E2G_TP53E3D;TP53E9G_TP53E10D;TP53E3G_TP53E4D;TP53E10G_TP53E11D;TP53E1G_TP53E2D;TP53E4G_TP53E5D;TP53E9G_TP53E9bD;TP53E9bgG_TP53E10D;TP53E9G_TP53E2D;TP53E9G_TP53E9D;TP53E9G_TP53E11D;TP53E3G_TP53E13D;TP53E7G_TP53E7D;TP53E9G_TP53E7D;TP53E7G_TP53E2D;TP53E9bgG_TP53E11D;TP53E5G_TP53E7D;TP53E10G_TP53E12D
5171;15617.0;19.587628865979383;14.388166741371583;12.56963565345457;11.916501248639305;9.515271819171417;8.740475123263112;8.183389895626561;6.646603060767113;5.51322277005827;2.5613113914324135;0.21130818979317412;0.07683934174297241;0.012806556957162069;0.006403278478581034;0.012806556957162069;0.006403278478581034;0.012806556957162069;0.012806556957162069;0.006403278478581034;0.006403278478581034;0.006403278478581034;0.006403278478581034
