;Tot_UMI;NBNE8G_NBNE9D;NBNE4G_NBNE5D;NBNE5G_NBNE6D;NBNE9G_NBNE10D;NBNE7G_NBNE8D;NBNE10G_NBNE11D;NBNE6G_NBNE7D;NBNE3G_NBNE4D;NBNE14G_NBNE15D;NBNE2G_NBNE3D;NBNE12G_NBNE13D;NBNE13G_NBNE14D;NBNE11G_NBNE12D;NBNE1G_NBNE2D;NBNE15G_NBNE16D;NBNE2G_NBNEins2D;NBNEins4G_NBNE5D;NBNE4G_NBNEins4D;NBNE4G_NBNE6D;NBNEins2G_NBNE3D;NBNE3G_NBNE4aD;NBNE11G_NBNE13D;NBNEins1aG_NBNE2D;NBNE12G_NBNE14D;NBNE3G_NBNE5D;NBNE8G_NBNE10D;NBNEins14cG_NBNE15D;NBNE12bG_NBNE13D;NBNE14G_NBNEins14cD;NBNE3G_NBNE6D;NBNE2G_NBNE4aD;NBNE2G_NBNE4D;NBNE7G_NBNE5D;NBNE14G_NBNE12D;NBNEins1bG_NBNE2D;NBNE5G_NBNE8D;NBNE5G_NBNE7D;NBNE15G_NBNE13D;NBNEins14bG_NBNE15D;NBNE14G_NBNE13D;NBNE4G_NBNE8D;NBNE1G_NBNE3D;NBNElnc1bG_NBNE2D;NBNE1G_NBNEins1bD;NBNE2G_NBNE10D;NBNEins14aG_NBNE15D;NBNE4G_NBNE9D;NBNE14G_NBNE16D;NBNE1G_NBNE5D;NBNE1G_NBNE6D;NBNE11G_NBNE15D;NBNE16aG_NBNE4aD;NBNE1G_NBNE8D;NBNE14G_NBNE9D;NBNE3G_NBNEins4D;NBNE13G_NBNE15D;NBNE14G_NBNEins14aD;NBNE6G_NBNE8D;NBNE12bG_NBNE14D;NBNEins4G_NBNEins1bD;NBNE12G_NBNE16D;NBNE5G_NBNE4D;NBNEins2G_NBNE4D;NBNE12G_NBNE15D;NBNE4G_NBNE2D;NBNE13G_NBNE4D
5171;96606.0;11.430967020681946;10.45069664410078;10.172246030267273;9.815125354532846;9.09984887067056;7.997432871664286;7.167256692130924;7.1424135146885295;5.384758710639091;4.461420615696748;3.90141399084943;3.6571227459992137;3.3734964701985386;2.612674161025195;1.2525101960540754;0.45338798832370664;0.3343477630788978;0.24739664203051573;0.19356975757199346;0.1852886984245285;0.13249694635943937;0.0714241351468853;0.06417820839285344;0.06521334078628657;0.04761609009792353;0.039335030950458566;0.039335030950458566;0.037264766163592325;0.022772912655528645;0.018632383081796162;0.013456721114630562;0.011386456327764322;0.013456721114630562;0.007245926754031841;0.0062107943605987205;0.007245926754031841;0.007245926754031841;0.00414052957373248;0.00414052957373248;0.0031053971802993603;0.00414052957373248;0.00414052957373248;0.0031053971802993603;0.00414052957373248;0.00207026478686624;0.0031053971802993603;0.00207026478686624;0.0031053971802993603;0.0031053971802993603;0.00207026478686624;0.00207026478686624;0.00207026478686624;0.00207026478686624;0.00103513239343312;0.00103513239343312;0.00103513239343312;0.00103513239343312;0.00103513239343312;0.00103513239343312;0.00103513239343312;0.00103513239343312;0.00103513239343312;0.00103513239343312;0.00103513239343312;0.00103513239343312;0.00103513239343312
