;Tot_UMI;BMPR1AE6G_BMPR1AE7D;BMPR1AE3G_BMPR1AE4D;BMPR1AE4G_BMPR1AE5D;BMPR1AE9G_BMPR1AE10D;BMPR1AE11G_BMPR1AE12D;BMPR1AE10G_BMPR1AE11D;BMPR1AE2G_BMPR1AE3D;BMPR1AE8G_BMPR1AE9D;BMPR1AE12G_BMPR1AE13D;BMPR1AE7G_BMPR1AE8D;BMPR1AE5G_BMPR1AE6D;BMPR1AE1G_BMPR1AE2D;BMPR1AEins2G_BMPR1AE3D;BMPR1AE2G_BMPR1AEins2D;BMPR1AE2G_BMPR1AE8D;BMPR1AE5G_BMPR1AE8D;BMPR1AE2G_BMPR1AE4D;BMPR1AE1G_BMPR1AE3D;BMPR1AE13aG_BMPR1AE14bD;BMPR1AE8G_BMPR1AE4D;BMPR1AE9G_BMPR1AEins2D;BMPR1AE5G_BMPR1AE7D;BMPR1AE3G_BMPR1AE5D;BMPR1AE7G_BMPR1AE6D;BMPR1AE3G_BMPR1AE6D;BMPR1AE8G_BMPR1AE10D;BMPR1AE13aG_BMPR1AE14aD;BMPR1AE7G_BMPR1AE2D;BMPR1AE3G_BMPR1AE2D;BMPR1AE5G_BMPR1AE14bD;BMPR1AE7G_BMPR1AE9D;BMPR1AE3G_BMPR1AE3D
5171;9338.0;12.840008567145;11.265795673591777;10.334118654958235;9.295352323838081;9.016920111372885;7.828228742771472;7.2178196615977726;7.367744699079032;7.0357678303705296;5.557935318055258;5.707860355536518;2.420218462197473;2.1524951809809383;0.835296637395588;0.5033197686870851;0.28914114371385735;0.0642535874919683;0.05354465624330692;0.04283572499464554;0.010708931248661385;0.010708931248661385;0.02141786249732277;0.02141786249732277;0.02141786249732277;0.010708931248661385;0.010708931248661385;0.010708931248661385;0.010708931248661385;0.010708931248661385;0.010708931248661385;0.010708931248661385;0.010708931248661385
