;Tot_Reads;BAP1E8G_BAP1E9D;BAP1E4G_BAP1E5D;BAP1E12G_BAP1E13D;BAP1E9G_BAP1E10D;BAP1E3G_BAP1E4D;BAP1E6G_BAP1E7D;BAP1E10G_BAP1E11D;BAP1E7G_BAP1E8D;BAP1E15G_BAP1E16D;BAP1E1G_BAP1E2D;BAP1E16G_BAP1E17D;BAP1E11G_BAP1E12D;BAP1E2G_BAP1E3D;BAP1E14G_BAP1E15D;BAP1E13G_BAP1E14D;BAP1E5G_BAP1E6D;BAP1E8G_BAP1E9aD;BAP1E14G_BAP1E15aD;BAP1E10G_BAP1E12D;BAP1E3G_BAP1E5D;BAP1E8G_BAP1E8D;BAP1E7G_BAP1E9D;BAP1E6G_BAP1E9D
5171;31268.0;11.139183830113854;9.530510425994628;7.681975182294998;7.665984392989638;7.6020212357681975;7.589228604323909;7.055136241524882;5.875015990789305;5.510425994627095;5.2002046821031085;5.037098631188435;5.011513368299859;4.662914161443009;4.4806191633619035;3.095816809517718;1.6534476141742356;0.9690418319048228;0.17909684022003325;0.0287834207496482;0.019188947166432133;0.006396315722144045;0.0031981578610720224;0.0031981578610720224
